"","country_name","iso2c","iso3c","wb_code","polity_code","pub_prio_2","gov_epp","gov_biodiversity","gov_climate","tp_gps","tp_hofstede","tp_google_1","tp_google_2","gdp_per","trade","air","agri_share","population","internet_share","internet_user","island","polity2","soviet_hist","education","region","income","latitude","pub_prio_1_ln","id","mean_internet_share","mean_trade","mean_air","mean_agri_share","latitude_abs","pub_prio_2_ln","gov_epp_ln","gov_climate_ln","gov_biodiversity_ln","tp_gps_ln","tp_hofstede_ln","tp_google_2_ln","gdp_per_ln","polity2_ln","latitude_abs_ln","education_ln","internet_share_ln","population_ln","trade_ln","air_ln","agri_share_ln"
"1","Algeria","dz","dza","dza","alg",-0.09,44.8,39,52.5,0.0598152,26,0.660155479132644,0.668561691946989,4676.1637482616,60.9638214968034,100,17.3846149506243,39403671.5,34.5596,13617751.255714,0,2,0,"0.52","Middle East & North Africa","Upper middle income",36.7397,NA,"Middle East & North AfricaUpper middle income",11048021.2389176,79.492486213852,100,25.0945181889926,36.7397,-0.0943106794712413,3.80220813942094,3.96081316959758,3.66356164612965,0.0580945533024158,3.25809653802148,-0.402626602558957,8.45023334085426,2.56494935746154,3.60385791426643,-0.653926467406664,3.5426853697948,17.4893695552059,4.1102805980094,4.60517018598809,2.85558561684666
"2","Argentina","ar","arg","arg","arg",0.66,52.2,49.1,60.2,-0.229308,20,0.88163638360581,0.829156437563912,10412.1547003205,29.6116733627931,97.6938105337842,54.305174707924,42885600.8,63.82968,27373741.7567174,0,8.44444444444444,0,"0.70","Latin America & Caribbean","Upper middle income",-34.6118,-0.689560804928718,"Latin America & CaribbeanUpper middle income",14476245.5107971,64.7597737633425,98.7105726094323,32.1854516483542,34.6118,0.506817602368452,3.95508249488859,4.09767235231478,3.89385903480047,-0.260466466425932,2.99573227355399,-0.187346435299932,9.25072912389118,2.96756139658729,3.54419466438503,-0.356674943938732,4.15621828593878,17.574046681869,3.38816865395109,4.58183820528947,3.99461952088775
"3","Armenia","am","arm","arm","arm",0.32,52.3,79.2,46.7,NA,61,NA,NA,3889.57617080929,78.6546846976358,100,59.3772890097739,2916408.8,50.87059,1483594.36337192,0,5.22222222222222,1,"0.74","Europe & Central Asia","Upper middle income",40.1596,-0.94675713357759,"Europe & Central AsiaUpper middle income",12128891.563236,87.8228431958434,99.0585544217182,47.8460001453253,40.1596,0.27763173659828,3.95699637107088,3.84374416467485,4.37197629882038,NA,4.11087386417331,NA,8.26605547715716,2.78638204437212,3.69286151517451,-0.301105092783922,3.92928495695888,14.8858635543286,4.36506719159102,4.60517018598809,4.08391181335527
"4","Australia","au","aus","aus","aul",0.84,74.9,83.7,70.4,0.6570038,21,0.995189688853902,0.957711282553125,54796.698420382,42.2545514150953,28.896621397148,51.1962190369309,23666481.1,83.26767,19706527.3829604,0,10,0,"0.85","East Asia & Pacific","High income",-35.282,-0.395621124804485,"East Asia & PacificHigh income",17172686.8931915,136.94827077815,59.8735434994981,17.1442657265191,35.282,0.609765571620894,4.31615389052317,4.254193263164,4.42723897749543,0.505011031742943,3.04452243772342,-0.0432089216394168,10.9113852233179,3.04452243772342,3.56337291887421,-0.162518929497775,4.42206035859048,16.9795703054617,3.74371207380225,3.36372468161119,3.9356656823837
"5","Azerbaijan","az","aze","aze","aze",0.05,46.5,56.9,48.6,NA,61,0.420728271418952,0.402243749996981,5862.01306736404,80.8713769840217,100,57.6988276266403,9569935.3,69.2,6622395.2276,0,-7,1,"0.61","Europe & Central Asia","Upper middle income",40.3834,-0.569115899639623,"Europe & Central AsiaUpper middle income",12128891.563236,87.8228431958434,99.0585544217182,47.8460001453253,40.3834,0.048790164169432,3.83945231259331,3.88362353090645,4.04129534113228,NA,4.11087386417331,-0.910697030838855,8.67624835043315,1.38629436111989,3.69841880943912,-0.49429632181478,4.23700086262362,16.0741370026957,4.392859954093,4.60517018598809,4.05523685487852
"6","Bahrain","bh","bhr","bhr","bah",-0.13,51,18.9,67.1,NA,NA,0.617218036949902,0.533827305513336,21554.8365541101,159.666239579674,100,11.1569408211173,1397238.5,88.62044,1238238.9065494,1,-9.22222222222222,0,"0.63","Middle East & North Africa","High income",26.1921,NA,"Middle East & North AfricaHigh income",5647996.52706006,132.573044537283,100,21.5776062099336,26.1921,-0.139262067333508,3.93182563272433,4.20618404397764,2.9391619220656,NA,NA,-0.627682890241426,9.97835550441577,0.575364144903562,3.26545783858117,-0.462035459596559,4.4843625307782,14.1500083466454,5.07308563387288,4.60517018598809,2.41206179940385
"7","Belarus","by","blr","blr","blr",0.24,53,61.2,53.1,NA,81,NA,NA,6430.64221490388,130.467651653357,99.9914189960088,42.948454340406,9480852.7,60.12478,5700341.82799906,0,-7,1,"0.88","Europe & Central Asia","Upper middle income",53.9678,-0.738150895676874,"Europe & Central AsiaUpper middle income",12128891.563236,87.8228431958434,99.0585544217182,47.8460001453253,53.9678,0.215111379616945,3.97029191355212,3.97217692824789,4.11414718951828,NA,4.39444915467244,NA,8.76882969014527,1.38629436111989,3.98838757241263,-0.127833371509885,4.09642206937557,16.0647848174436,4.87112531598451,4.60508437226629,3.76000066036491
"8","Brazil","br","bra","bra","bra",0.87,51.2,78.1,51.7,-0.2600402,44,0.958383509278263,0.931535800933603,11422.4819619044,25.6481725607287,80.3952819675858,33.4184570798219,203530262.1,56.21054,114405459.389825,0,8,0,"0.36","Latin America & Caribbean","Upper middle income",-15.7801,-0.409289204546568,"Latin America & CaribbeanUpper middle income",14476245.5107971,64.7597737633425,98.7105726094323,32.1854516483542,15.7801,0.625938430866495,3.93573953204546,3.94545778151438,4.35799005684564,-0.301159418583865,3.78418963391826,-0.0709206560412556,9.34333879426388,2.94443897916644,2.75874965253326,-1.02165124753198,4.02910428379936,19.1313252598991,3.24447232388296,4.38695549246786,3.50910835453183
"9","Bulgaria","bg","bgr","bgr","bul",0.58,57,77.7,69.5,NA,69,0.497520554183705,0.430661205383267,7714.66961544578,124.125141597341,99.9474199047193,46.4100167153697,7192142.6,56.72824,4079975.91527024,0,9,1,"0.72","Europe & Central Asia","Upper middle income",42.7105,-0.534448769529427,"Europe & Central AsiaUpper middle income",12128891.563236,87.8228431958434,99.0585544217182,47.8460001453253,42.7105,0.457424847038875,4.04305126783455,4.24132675257075,4.3528552573736,NA,4.23410650459726,-0.842433564386711,8.95087894021806,2.99573227355399,3.75444479164507,-0.328504066972036,4.03827214670774,15.7884996825232,4.82129026312877,4.60464424675349,3.83751531342043
"10","Burkina Faso","bf","bfa","bfa","bfo",0.28,38.3,77.8,31.9,NA,27,0.848817135549872,0.651296533105995,731.049539637736,58.3948207030783,100,44.1572681704261,17894036.5,10.358503,1853554.3076736,0,2.66666666666667,0,"0.05","Sub-Saharan Africa","Low income",12.3605,NA,"Sub-Saharan AfricaLow income",1805103.36807685,65.3648696553145,100,51.2090421299291,12.3605,0.246860077931526,3.6454498961866,3.4626060097908,4.35414143118435,NA,3.29583686600433,-0.428790236480959,6.59448122713578,2.6149597780362,2.51450590428577,-2.99573227355399,2.33780772832099,16.6999780588775,4.06722719931017,4.60517018598809,3.78775753797256
"11","Canada","ca","can","can","can",0.95,71,60.5,65.7,0.7184795,36,0.846267504952317,0.779285639667874,49909.4129648136,63.9852492826328,6.26318655585721,6.89773886717796,35658157.1,87.338,31143121.247998,0,10,0,"0.91","North America","High income",45.4215,NA,"North AmericaHigh income",93663414.8850819,55.7805360962268,42.1407321400928,18.9730458301065,45.4215,0.667829372575655,4.26267987704132,4.18509892549057,4.1026433650368,0.541439888228745,3.58351893845611,-0.249377625521866,10.8179649005194,3.04452243772342,3.81598556123117,-0.0943106794712413,4.46978564877989,17.3894884893106,4.15865257683622,1.83468909007989,1.93119365748871
"12","Chile","cl","chl","chl","chl",0.19,55.3,65.3,54.3,-0.1554083,31,0.776661587431441,0.697068403908791,14376.5905669422,62.4216710615011,98.7739909044389,21.2030446497901,17935698.3,67.85807,12170818.7074028,0,10,0,"0.76","Latin America & Caribbean","High income",-33.475,-0.546250178652054,"Latin America & CaribbeanHigh income",1447908.02931425,129.699252935211,82.2143721631927,23.0063533524513,33.475,0.173953307123438,4.01277290852829,3.99452422693989,4.17899203628239,-0.168901963667687,3.43398720448515,-0.360871732565351,9.57335650767961,3.04452243772342,3.51079889157724,-0.27443684570176,4.21741831804388,16.7023036032338,4.13391250773551,4.5928343201424,3.05414478692238
"13","China","cn","chn","chn","chn",0.6,37.3,19,46.3,0.3981047,87,0.479491215212312,0.502793105289271,6346.84149253536,42.8502424396641,99.9995606536761,55.2110053410317,1368090500,47.50001,649843124.30905,0,-7,0,"0.60","East Asia & Pacific","Upper middle income",40.0495,-0.322890276139053,"East Asia & PacificUpper middle income",77632492.8466688,113.813556779654,98.8941341537949,37.4454597038979,40.0495,0.470003629245736,3.61899332664977,3.83514196109219,2.94443897916644,0.335117533711163,4.46590811865458,-0.68757651499079,8.75571256539062,1.38629436111989,3.69011618904193,-0.510825623765991,3.86072992156689,21.0366818089294,3.75771130289626,4.6051657925152,4.01116230553121
"14","Colombia","co","col","col","col",0.9,52.9,76.8,55.4,-0.3459323,13,0.53243039395795,0.427382753403933,7297.76888153875,37.2161606832467,97.1988115874499,39.3968411003991,47503042.3,53.36691,25350905.8315029,0,7,0,"0.45","Latin America & Caribbean","Upper middle income",4.60987,-0.355438438335807,"Latin America & CaribbeanUpper middle income",14476245.5107971,64.7597737633425,98.7105726094323,32.1854516483542,4.60987,0.641853886172395,3.96840333886425,4.01457959375324,4.34120464015363,-0.424544416062863,2.56494935746154,-0.850075289265191,8.89532394775538,2.89037175789616,1.52819965704478,-0.798507696217772,3.97719089097438,17.6763043153749,3.61674309391202,4.57675848492508,3.67368563797292
"15","Cyprus","cy","cyp","cyp","cyp",0.47,64.8,56.5,63.1,NA,NA,0.560848750807911,0.563130674102854,29593.108678075,130.27888206311,100,12.4512989136195,1156733.4,70.41811,814549.79801874,1,10,0,"0.86","Europe & Central Asia","High income",35.1676,-0.599826634377051,"Europe & Central AsiaHigh income",11212229.1272497,125.666702835053,72.8146648171893,37.9526204341935,35.1676,0.385262400790645,4.17130560335823,4.14472076954717,4.0342406381524,NA,NA,-0.574243574572001,10.2952967982766,3.04452243772342,3.56012520418018,-0.150822889734584,4.25445047440053,13.9611105561152,4.8696773993389,4.60517018598809,2.52182494787988
"16","Ecuador","ec","ecu","ecu","ecu",0.37,51,77.3,60.2,NA,NA,0.544795188707095,0.522020407030676,5137.54618175073,52.3147898488321,99.4953097030611,26.902077797764,16133492.9,45.62213,7360443.10437877,0,5,0,"0.61","Latin America & Caribbean","Upper middle income",-0.229498,-0.552707297591611,"Latin America & CaribbeanUpper middle income",14476245.5107971,64.7597737633425,98.7105726094323,32.1854516483542,0.229498,0.314810739840034,3.93182563272433,4.09767235231478,4.34769395559338,NA,NA,-0.650048597935148,8.54433084791265,2.77258872223978,-1.47186096411646,-0.49429632181478,3.82039290581452,16.5964079734657,3.95727911979029,4.60011050439078,3.29220352517738
"17","Egypt","eg","egy","egy","egy",0.41,43.3,50.6,55,-0.3831945,7,0.643178589891559,0.621078182003246,2740.57514838938,41.2959673319793,100,3.72506333084508,91468589.9,36.51195,33396965.8099931,0,-3.55555555555556,0,"0.68","Middle East & North Africa","Lower middle income",30.0982,-1.0039159555091,"Middle East & North AfricaLower middle income",12299820.0891398,115.895590949113,100,51.2301314248719,30.0982,0.343589704390077,3.76815263500844,4.00733318523247,3.92395157629342,-0.483201539781853,1.94591014905531,-0.476298308027368,7.91592308552579,2.00746804205475,3.40446536930225,-0.385662480811985,3.59763960426593,18.3315061915303,3.72076485190609,4.60517018598809,1.31508385325615
"18","Estonia","ee","est","est","est",0.55,65.3,87,59,0.0253144,82,0.539786464467621,0.614708879694717,17711.3021753617,153.626776287757,1.79342615551459,22.5387929668445,1321130,83.58774,1104302.709462,0,9,1,"0.89","Europe & Central Asia","High income",59.4392,-0.340841440731877,"Europe & Central AsiaHigh income",11212229.1272497,125.666702835053,72.8146648171893,37.9526204341935,59.4392,0.438254930931155,4.17899203628239,4.07753744390572,4.46590811865458,0.0249992972651358,4.40671924726425,-0.486606489598893,9.78195825576226,2.99573227355399,4.08495394136873,-0.116533816255952,4.42589685861868,14.0939979889577,5.03452613031085,0.584127843746728,3.11523795646099
"19","Ethiopia","et","eth","eth","eti",0.35,34.4,72.2,26.1,NA,NA,0.700517173599408,0.515392781316348,468.770147492001,37.9463550027242,100,36.2188856026786,99612917.2,10.21264,10173108.6271341,0,-2.55555555555556,0,"0.11","Sub-Saharan Africa","Low income",9.02274,-0.761071866080988,"Sub-Saharan AfricaLow income",1805103.36807685,65.3648696553145,100,51.2090421299291,9.02274,0.300104592450338,3.53805656437935,3.26193531432865,4.27944004589878,NA,NA,-0.662825986844984,6.15011255767722,2.13350876295011,2.19974805734728,-2.20727491318972,2.32362616878249,18.4168024049088,3.63617345186975,4.60517018598809,3.58958068452414
"20","Finland","fi","fin","fin","fin",1.06,78.9,75.5,77,0.5995542,38,0.832481676937343,0.849165779611837,47081.415513286,76.0026651131715,0.184024008520883,7.49200855382462,5458496.6,88.36168,4823219.29850288,0,10,0,"0.86","Europe & Central Asia","High income",60.1608,-0.300056049939224,"Europe & Central AsiaHigh income",11212229.1272497,125.666702835053,72.8146648171893,37.9526204341935,60.1608,0.72270598280149,4.36818122785183,4.34380542185368,4.32413265625498,0.469724965422579,3.63758615972639,-0.163500847171966,10.7596336270498,3.04452243772342,4.09702097742551,-0.150822889734584,4.48143839149928,15.5126839618205,4.33076840695006,-1.69268904879331,2.01383692630898
"21","France","fr","fra","fra","frn",0.63,80,88.3,81.9,0.3568711,63,1.06870658432289,0.991744204531462,42097.5615385963,60.8418887010302,91.2432809959952,52.6063491861929,66250340.4,80.53753,53356387.7747521,0,9,0,"0.81","Europe & Central Asia","High income",48.8566,-0.501155588354418,"Europe & Central AsiaHigh income",11212229.1272497,125.666702835053,72.8146648171893,37.9526204341935,48.8566,0.488580014818671,4.38202663467388,4.40549899085902,4.48074010760991,0.305181387394792,4.14313472639153,-0.00829006328366033,10.6477450972946,2.99573227355399,3.88888947683445,-0.210721031315653,4.38872328696198,18.0089511609306,4.10827851064742,4.51352935683096,3.96283681942101
"22","Georgia","ge","geo","geo","grg",0.84,41.3,46.2,50.1,-0.4854279,38,0.352163513959152,0.325963360707517,4116.9154115266,98.4802168744539,100,35.054705006373,3733680.8,48.12099,1796684.16439992,0,6.66666666666667,1,"0.86","Europe & Central Asia","Upper middle income",41.71,-0.341929276084271,"Europe & Central AsiaUpper middle income",12128891.563236,87.8228431958434,99.0585544217182,47.8460001453253,41.71,0.609765571620894,3.72086249996699,3.91402100809082,3.83297979808769,-0.664419597471751,3.63758615972639,-1.12097029439945,8.32285947541518,2.87167962488401,3.73074090820885,-0.150822889734584,3.87371846446093,15.1329051146949,4.58985568409203,4.60517018598809,3.55690984145801
"23","Germany","de","deu","deu","gmy",0.36,77.2,88.8,71.5,0.6243982,83,1.31013951192921,1.31880500422515,45132.1788364952,85.6300854369194,95.6494712488583,47.8742671774169,81683670.4,85.00041,69431454.7430487,0,10,0,"0.91","Europe & Central Asia","High income",52.5235,-0.335531945061571,"Europe & Central AsiaHigh income",11212229.1272497,125.666702835053,72.8146648171893,37.9526204341935,52.5235,0.307484699747961,4.34639945703073,4.26969744969996,4.48638664999812,0.485137408727939,4.4188406077966,0.276726026737469,10.7173507707714,3.04452243772342,3.96126068849368,-0.0943106794712413,4.44265608000809,18.218364667148,4.45003668678278,4.5606901678925,3.86857814038453
"24","Ghana","gh","gha","gha","gha",0.32,27.6,58.9,29.6,0.084619,4,0.458591198846766,0.347748969584412,1623.84221027603,74.334768329431,100,68.9611873579527,27563347.8,24.45837,6741545.58931086,0,8,0,"0.53","Sub-Saharan Africa","Lower middle income",5.57045,NA,"Sub-Saharan AfricaLower middle income",5539172.86426922,71.715946540568,100,50.416970493132,5.57045,0.27763173659828,3.3178157727231,3.38777436133001,4.07584109065754,0.0812287732503637,1.38629436111989,-1.05627441127597,7.39255035484109,2.94443897916644,1.717475840622,-0.63487827243597,3.19697248862724,17.131997469882,4.30857878748591,4.60517018598809,4.23354384427497
"25","United Kingdom","gb","gbr","gbr","ukg",0.73,81.3,88,90,0.5350247,51,1.07691164478995,1.05229849748968,41577.0525496728,60.5587339435308,77.8440770489003,71.1777194628316,64853738.1,90.81235,58895203.6314553,1,9.33333333333333,0,"0.76","Europe & Central Asia","High income",51.5002,-0.474905306822436,"Europe & Central AsiaHigh income",11212229.1272497,125.666702835053,72.8146648171893,37.9526204341935,51.5002,0.548121408509688,4.39814601655377,4.49980967033027,4.47733681447821,0.42854647211491,3.93182563272433,0.0509768169290364,10.6353036726482,3.0122615755052,3.9415856911573,-0.27443684570176,4.50879528957415,17.9876451093168,4.1036137030905,4.35470781380442,4.26517984055265
"26","Hungary","hu","hun","hun","hun",0.89,63.7,82,71.3,-0.4309163,58,0.464927507624271,0.44521410579345,14831.0511318294,164.281641483022,100,58.5220368938473,9864219.2,73.71878,7271782.05076576,0,10,1,"0.81","Europe & Central Asia","High income",47.4984,-0.373118232523413,"Europe & Central AsiaHigh income",11212229.1272497,125.666702835053,72.8146648171893,37.9526204341935,47.4984,0.636576829071551,4.15418456257812,4.26689632742025,4.40671924726425,-0.563727755498229,4.06044301054642,-0.80919997591051,9.60447831136796,3.04452243772342,3.86069602626274,-0.210721031315653,4.30025758355996,16.1044245458016,5.10158228102177,4.60517018598809,4.06940338234467
"27","India","in","ind","ind","ind",0.24,27.6,33.7,45,-0.1087328,51,NA,NA,1727.41738670245,46.9122352507702,100,60.4327338649733,1301915891.1,20.86001,271579785.075049,0,9,0,"0.35","South Asia","Lower middle income",28.6353,NA,"South AsiaLower middle income",78331606.1098047,54.1062831475053,100,47.8135819026806,28.6353,0.215111379616945,3.3178157727231,3.80666248977032,3.51749783735832,-0.115111008702122,3.93182563272433,NA,7.45438273203951,2.99573227355399,3.35464022248031,-1.04982212449868,3.0378339289589,20.9871027788765,3.84827852097642,4.60517018598809,4.10153090954499
"28","Indonesia","id","idn","idn","ins",0.73,37.8,56.3,54.4,-0.3618209,62,0.54885294259055,0.443081906773237,3771.87921362683,44.2201554686528,96.2640045656202,31.2751606932897,256521061.1,23.6994,60793952.3543334,1,8.55555555555556,0,"0.56","East Asia & Pacific","Lower middle income",-6.19752,-0.250738557260097,"East Asia & PacificLower middle income",12588192.3266191,96.3781649061664,99.4449604482718,27.9313831909733,6.19752,0.548121408509688,3.63230910262554,3.9963641538619,4.03069453514564,-0.449136314028981,4.12713438504509,-0.814000634891286,8.23532862140258,2.97325941770193,1.82414921202971,-0.579818495252942,3.16544973136492,19.3627213287559,3.78918069122259,4.56709446456398,3.44282419441459
"29","Iran","ir","irn","irn","irn",0.61,48,38.4,55,-0.3807191,14,0.406030277794985,0.260720286500536,6385.75171235598,48.150711389568,100,28.3295092832453,78132939,42.9545,33561613.282755,0,-7,0,"0.62","Middle East & North Africa","Upper middle income",35.6878,-0.377970771399356,"Middle East & North AfricaUpper middle income",11048021.2389176,79.492486213852,100,25.0945181889926,35.6878,0.476234178996372,3.87120101090789,4.00733318523247,3.64805745959368,-0.479196312786128,2.63905732961526,-1.34430714557135,8.76182449252452,1.38629436111989,3.57480889368563,-0.478035800943,3.76014141593381,18.173922280058,3.87433591258085,4.60517018598809,3.34390399223972
"30","Iraq","iq","irq","irq","irq",0.21,39.5,40.5,31.6,-0.4169565,25,0.715946158766807,0.608333965721879,5359.49785861782,75.3037579462826,100,20.4219058299704,34740534.5,26.432,9182618.07904,0,4.66666666666667,0,"0.65","Middle East & North Africa","Upper middle income",33.3302,-0.805337601080269,"Middle East & North AfricaUpper middle income",11048021.2389176,79.492486213852,100,25.0945181889926,33.3302,0.19062035960865,3.67630067190708,3.45315712059287,3.70130197411249,-0.539493481349955,3.2188758248682,-0.49703126209138,8.58662556658262,2.75153531304195,3.5064638929017,-0.430782916092454,3.27457539733857,17.3634177043814,4.3215300398857,4.60517018598809,3.01660813991766
"31","Japan","jp","jpn","jpn","jpn",0.76,75.1,76.6,69.5,0.1084126,88,1.2279591490805,1.20282628003791,46802.6845718677,33.3231330881285,86.5931092837805,12.4322817904426,127196833.9,85.20917,108383366.432469,1,10,0,"0.89","East Asia & Pacific","High income",35.67,-0.522189382416306,"East Asia & PacificHigh income",17172686.8931915,136.94827077815,59.8735434994981,17.1442657265191,35.67,0.56531380905006,4.31882055877009,4.24132675257075,4.33859707674655,0.102928901679353,4.47733681447821,0.184674020944024,10.7536958429073,3.04452243772342,3.5743099993708,-0.116533816255952,4.44510905715165,18.6612463178372,3.50625184313403,4.46122024293121,2.52029645990981
"32","Jordan","jo","jor","jor","jor",0.33,53.4,32.2,58.4,-0.4184762,16,NA,NA,3434.48701830764,102.148372924634,100,11.7347214191493,8911093.1,50.94875,4540090.54578625,0,-3,0,"0.77","Middle East & North Africa","Upper middle income",31.9497,-0.67369475463313,"Middle East & North AfricaUpper middle income",11048021.2389176,79.492486213852,100,25.0945181889926,31.9497,0.285178942233662,3.97781074596615,4.06731588983418,3.47196645255036,-0.542103379228125,2.77258872223978,NA,8.14162285385574,2.07944154167984,3.4641627911081,-0.261364764134408,3.93082022551105,16.0028074743015,4.62642639284147,4.60517018598809,2.46255208970713
"33","Kazakhstan","kz","kaz","kaz","kzk",0.16,44.7,41.6,44.6,-0.2586553,NA,NA,NA,10436.3506040418,64.8971746158686,93.1796377942139,80.3863119380989,17416006.25,65.60366,11425537.5258288,0,-6,1,"0.65","Europe & Central Asia","Upper middle income",51.1879,-0.677769220347946,"Europe & Central AsiaUpper middle income",12128891.563236,87.8228431958434,99.0585544217182,47.8460001453253,51.1879,0.148420005118273,3.79997350161952,3.79773385902602,3.72810016726722,-0.299289579663506,NA,NA,9.25305024132681,1.6094379124341,3.93550317599057,-0.430782916092454,4.18363148707662,16.6729002407619,4.17280408833818,4.53452921921876,4.38684391216469
"34","Kuwait","kw","kwt","kwt","kuw",0.02,53.6,66,49.7,NA,NA,0.640651389898855,0.46007135251677,36569.2551441659,98.662204973538,100,8.51050189276508,3691907.4,80.12892,2958285.52702008,0,-7,0,"0.76","Middle East & North Africa","High income",29.3721,NA,"Middle East & North AfricaHigh income",5647996.52706006,132.573044537283,100,21.5776062099336,29.3721,0.0198026272961797,3.98154906807676,3.90600493310258,4.18965474202643,NA,NA,-0.776373687361063,10.5069631429887,1.38629436111989,3.38004524418659,-0.27443684570176,4.38363683760106,15.1216537930336,4.59170194477071,4.60517018598809,2.14130091766938
"35","Kyrgyzstan","kg","kgz","kgz","kyr",0.12,39.8,39.2,42.5,NA,66,NA,NA,1003.89611620442,118.760474455733,98.9553184570685,55.1344406375689,5913910,28.6147,1692247.60477,0,6.88888888888889,1,"0.69","Europe & Central Asia","Lower middle income",42.8851,-0.398802858282748,"Europe & Central AsiaLower middle income",8818927.64379751,89.1025654438088,99.7388296142671,66.0622621912313,42.8851,0.113328685307003,3.68386691229039,3.74950407593037,3.66867674679642,NA,4.18965474202643,NA,6.91164382498238,2.88417978764824,3.75852444625732,-0.371063681390832,3.35392057179423,15.5928177611523,4.77710864496785,4.59466841953865,4.00977457783532
"36","Lebanon","lb","lbn","lbn","leb",0.05,45.4,21.8,56.8,NA,NA,0.701405151786439,0.533644859813082,6740.45344245755,82.3593642633568,100,63.9715123586091,6163137.9,68.50822,4222256.07143538,0,6,0,"0.75","Middle East & North Africa","Upper middle income",33.8872,-0.963378767973057,"Middle East & North AfricaUpper middle income",11048021.2389176,79.492486213852,100,25.0945181889926,33.8872,0.048790164169432,3.8155121050473,4.03953632572711,3.08190996979504,NA,NA,-0.628024717799946,8.81588247797242,2.83321334405622,3.52303736196376,-0.287682072451781,4.22695373806876,15.6340966051605,4.41109216313219,4.60517018598809,4.15843786486789
"37","Malaysia","my","mys","mys","mal",0.45,47.9,55.1,52.8,NA,41,0.750447926258775,0.66097644084411,10725.2638794911,138.661228580012,94.1423691075761,24.3904470417228,30080173.6,69.92307,21032980.8424495,0,5.66666666666667,0,"0.49","East Asia & Pacific","Upper middle income",3.12433,-0.455075608661499,"East Asia & PacificUpper middle income",77632492.8466688,113.813556779654,98.8941341537949,37.4454597038979,3.12433,0.371563556432483,3.86911550441687,3.96651119071222,4.00914971615887,NA,3.71357206670431,-0.414037081453815,9.2803573476419,2.81341071676004,1.1392198602014,-0.713349887877465,4.24739563770604,17.2193768283059,4.93203375385308,4.54480820144746,3.19419154095378
"38","Mali","ml","mli","mli","mli",0.28,29.4,59.6,26.3,NA,20,0.619231190415135,0.463146763187356,730.99063248612,60.0044098940024,100,33.8538611668206,17257984.9,7.79422,1345125.31067278,0,4.88888888888889,0,"0.08","Sub-Saharan Africa","Low income",13.5667,NA,"Sub-Saharan AfricaLow income",1805103.36807685,65.3648696553145,100,51.2090421299291,13.5667,0.246860077931526,3.38099467434464,3.26956893918372,4.0876555740713,NA,2.99573227355399,-0.769711291998402,6.5944006450112,2.76562005292369,2.60761826077988,-2.52572864430826,2.05338243335931,16.6637854870935,4.09441805775461,4.60517018598809,3.52205305981978
"39","Mexico","mx","mex","mex","mex",0.87,52.6,72.9,65.2,-0.1084281,24,0.634340354206101,0.619140307318426,9913.36642688711,70.1433113638608,99.8150951421986,54.8656821714256,120998015.5,51.24924,62010563.3588322,0,8,0,"0.36","Latin America & Caribbean","Upper middle income",19.427,-0.571140273787377,"Latin America & CaribbeanUpper middle income",14476245.5107971,64.7597737633425,98.7105726094323,32.1854516483542,19.427,0.625938430866495,3.96271611974366,4.17745946893261,4.28908863901461,-0.114769194342131,3.17805383034795,-0.479423364263197,9.20163926962766,2.94443897916644,2.96666385105664,-1.02165124753198,3.93670078864027,18.6112847026001,4.2505404543741,4.60331942580954,4.00488805600122
"40","Moldova","md","mda","mda","mld",0.49,44.4,27.9,52.2,0.1950139,71,NA,NA,2996.60962611159,90.7567073080115,100,74.7823354635871,2805196.4,60.90435,1708486.6336434,0,9,1,"0.88","Europe & Central Asia","Lower middle income",47.0167,NA,"Europe & Central AsiaLower middle income",8818927.64379751,89.1025654438088,99.7388296142671,66.0622621912313,47.0167,0.398776119957368,3.79323946943818,3.95508249488859,3.32862668882732,0.178157817114988,4.26267987704132,NA,8.0052368039484,2.99573227355399,3.8505028577481,-0.127833371509885,4.10930460073638,14.8469841123131,4.50818238014393,4.60517018598809,4.31458170018708
"41","Morocco","ma","mar","mar","mor",0.35,42.3,67.4,48.7,-0.3107253,14,0.476121665598874,0.473809892745052,3149.39979382743,82.2767374896695,100,68.135175430524,34414727.7,58.26172,20050612.2913364,0,-4.22222222222222,0,"0.37","Middle East & North Africa","Lower middle income",33.9905,NA,"Middle East & North AfricaLower middle income",12299820.0891398,115.895590949113,100,51.2301314248719,33.9905,0.300104592450338,3.74478708605223,3.88567903008854,4.21064501791826,-0.372115393666645,2.63905732961526,-0.746949107895327,8.05496717202223,1.91364928683709,3.52608107380872,-0.994252273343867,4.0649452739242,17.3539951615357,4.41008841268201,4.60517018598809,4.22149360594748
"42","Netherlands","nl","nld","nld","nth",0.67,75.3,83.7,65.8,0.9517078,67,1.11484842775971,1.10956227229313,52382.0335251603,150.061647150526,99.8388107850437,54.6435471893191,16939887.7,92.39562,15651714.2677187,0,10,0,"0.89","Europe & Central Asia","High income",52.3738,-0.429423079063327,"Europe & Central AsiaHigh income",11212229.1272497,125.666702835053,72.8146648171893,37.9526204341935,52.3738,0.512823626428664,4.32148013480585,4.18661983833127,4.42723897749543,0.668704784162891,4.20469261939097,0.103965588262651,10.866318939858,3.04452243772342,3.95840646628531,-0.116533816255952,4.5260795749267,16.6451816178864,5.0110461906702,4.60355699334268,4.0008311324328
"43","New Zealand","nz","nzl","nzl","new",0.74,71.3,84,61.5,NA,33,0.877199027632926,0.866604240773467,36376.1862365773,55.8218691652115,3.14014421144122,42.1563938164277,4593540,86.07409,3953847.753786,1,10,0,"0.85","East Asia & Pacific","High income",-41.2865,-0.349112171557033,"East Asia & PacificHigh income",17172686.8931915,136.94827077815,59.8735434994981,17.1442657265191,41.2865,0.553885113226438,4.26689632742025,4.11903717481247,4.43081679884331,NA,3.49650756146648,-0.143172876111718,10.5016696152569,3.04452243772342,3.7205355700179,-0.162518929497775,4.45520843699327,15.3401615266126,4.02216571312998,1.14426872607612,3.74138636491124
"44","Nigeria","ng","nga","nga","nig",0.02,31,53.6,50.8,-0.2004194,13,0.650947228665662,0.506490991681652,2415.59695387146,33.8499617976841,100,77.8305327203512,179151709.3,26.917,48222265.592281,0,5.33333333333333,0,"0.46","Sub-Saharan Africa","Lower middle income",9.05804,-0.882940752192601,"Sub-Saharan AfricaLower middle income",5539172.86426922,71.715946540568,100,50.416970493132,9.05804,0.0198026272961797,3.43398720448515,3.92789635458444,3.98154906807676,-0.223667938781288,2.56494935746154,-0.680248740877717,7.78970172140938,2.79320800944252,2.20365276111014,-0.776528789498996,3.29275805725891,19.0037435428363,3.52193787078111,4.60517018598809,4.35453380561383
"45","Norway","no","nor","nor","nor",0.86,77.7,71.5,78.9,NA,35,0.775188806459085,0.79500246617182,89778.2138042786,69.3534849632176,7.09737767731964,2.71545555761108,5143767.4,95.78412,4926912.33893688,0,10,0,"0.94","Europe & Central Asia","High income",59.9138,-0.336838939962323,"Europe & Central AsiaHigh income",11212229.1272497,125.666702835053,72.8146648171893,37.9526204341935,59.9138,0.62057648772511,4.3528552573736,4.36818122785183,4.26969744969996,NA,3.55534806148941,-0.229410062229699,11.405097616886,3.04452243772342,4.09290686256038,-0.0618754037180875,4.5620969092326,15.4532963261478,4.23921639731106,1.95972537460141,0.998959732168845
"46","Pakistan","pk","pak","pak","pak",-0.15,33.1,46.1,50.6,-0.083108,50,NA,NA,1080.65749208187,30.1144448218505,100,46.8516500622665,197634773.4,12.43363,24573176.4758944,0,6.66666666666667,0,"0.28","South Asia","Lower middle income",30.5167,-0.843559538276596,"South AsiaLower middle income",78331606.1098047,54.1062831475053,100,47.8135819026806,30.5167,-0.162518929497775,3.49953328238302,3.92395157629342,3.8308129500026,-0.0867655890161504,3.91202300542815,NA,6.98532492384614,2.87167962488401,3.4182740747511,-1.27296567581289,2.52040489828681,19.1019313065405,3.40500495105597,4.60517018598809,3.84698622817663
"47","Peru","pe","per","per","per",0.64,44,59.5,41.3,-0.1089299,25,0.572294481833956,0.503289473684212,5963.19487373751,49.1022004156786,99.9880387201368,18.7090512956892,30500389.8,43.59127,13295507.2687705,0,9,0,"0.38","Latin America & Caribbean","Upper middle income",-12.0931,-0.510326746230076,"Latin America & CaribbeanUpper middle income",14476245.5107971,64.7597737633425,98.7105726094323,32.1854516483542,12.0931,0.494696241836107,3.78418963391826,3.72086249996699,4.08597631255158,-0.115332178960752,3.2188758248682,-0.686589780013784,8.69336166907503,2.99573227355399,2.49263504201562,-0.967584026261706,3.77485690094862,17.2332500218238,3.89390384877958,4.60505056603528,2.92900743326494
"48","Philippines","ph","phl","phl","phi",0.57,38.4,56.6,42.8,0.0991128,27,0.336129808125093,0.263315828957239,2716.53112406406,62.7891406021453,98.9183070529531,41.4672358529889,101185309.5,44.25703,44781612.7810079,1,8,0,"0.63","East Asia & Pacific","Lower middle income",14.5515,-0.383887507463617,"East Asia & PacificLower middle income",12588192.3266191,96.3781649061664,99.4449604482718,27.9313831909733,14.5515,0.451075619360217,3.64805745959368,3.75653810258775,4.03600898520914,0.0945033089169982,3.29583686600433,-1.33440109671284,7.90711102333955,2.94443897916644,2.67769408108731,-0.462035459596559,3.79001422889192,18.432464141237,4.1397821381737,4.5942943282018,3.72490361790102
"49","Poland","pl","pol","pol","pol",0.69,60.9,89,65.4,0.0716723,38,0.512509949135216,0.51267938521724,14629.2800547785,95.6026518421747,99.9882756126576,47.2757154344768,38009809.3,69.53705,26430900.0978456,0,10,1,"0.84","Europe & Central Asia","High income",52.26,-0.772066292609655,"Europe & Central AsiaHigh income",11212229.1272497,125.666702835053,72.8146648171893,37.9526204341935,52.26,0.524728528934982,4.10923317471585,4.18052225846315,4.48863636973214,0.0692203256172993,3.63758615972639,-0.668104609276184,9.59078028260362,3.04452243772342,3.95623126009247,-0.174353387144778,4.24185970405205,17.4533548238521,4.56020055860752,4.60505293524107,3.8559967478933
"50","Qatar","qa","qat","qat","qat",0.56,37.1,41.3,12.1,NA,NA,0.500040107952346,0.375488757900719,66533.9160460933,94.886373889196,100,5.77027189551178,2444259.6,86.87939,2123557.83049644,0,-10,0,"0.67","Middle East & North Africa","High income",25.2948,NA,"Middle East & North AfricaHigh income",5647996.52706006,132.573044537283,100,21.5776062099336,25.2948,0.444685821261446,3.61361696961339,2.4932054526027,3.72086249996699,NA,NA,-0.979526747238861,11.1054671123609,0,3.23059884101171,-0.400477566597125,4.46452083498234,14.7092528129454,4.55268011142049,4.60517018598809,1.75271920168219
"51","Romania","ro","rou","rou","rum",0.68,64.7,85,84.6,-0.268151,52,0.41795908737468,0.393184796854521,9801.4965497067,82.2396485117903,99.1020295762379,60.2200374398566,19827936.8,55.30178,10965201.987675,0,9,1,"0.69","Europe & Central Asia","Upper middle income",44.4479,-0.779364591648399,"Europe & Central AsiaUpper middle income",12128891.563236,87.8228431958434,99.0585544217182,47.8460001453253,44.4479,0.518793793415168,4.16976120150686,4.43793426661218,4.44265125649032,-0.312181070453333,3.95124371858143,-0.933475556628258,9.19029036215355,2.99573227355399,3.79431771674939,-0.371063681390832,4.01280509607536,16.8026024507058,4.40963752776521,4.59614992120936,4.09800514477137
"52","Russia","ru","rus","rus","rus",0.24,50.5,54.1,59.9,-0.0752779,81,0.480644717419807,0.495642083741444,11481.2189079749,48.2591989443676,93.6689748112787,13.1976853199491,143812615.9,67.69964,97360623.2388828,0,4,1,"0.87","Europe & Central Asia","Upper middle income",55.7558,-0.666548142419607,"Europe & Central AsiaUpper middle income",12128891.563236,87.8228431958434,99.0585544217182,47.8460001453253,55.7558,0.215111379616945,3.92197333628131,4.0926765051214,3.99083418585244,-0.0782620190410085,4.39444915467244,-0.701901218099666,9.34846784089008,2.70805020110221,4.02098144080331,-0.139262067333508,4.21508086232654,18.78402173167,3.87658646131001,4.53976702247532,2.5800414596666
"53","Rwanda","rw","rwa","rwa","rwa",0.13,33.8,57.4,35.9,-0.6060302,18,0.445419965503581,0.336187906083734,744.96604702787,46.5479482754562,100,73.6087200658062,11272524,14.592665,1644961.6643646,0,-3.33333333333333,0,"0.15","Sub-Saharan Africa","Low income",-1.95325,NA,"Sub-Saharan AfricaLow income",1805103.36807685,65.3648696553145,100,51.2090421299291,1.95325,0.122217632724249,3.52046080248897,3.58073729549423,4.05004430332552,-0.931481022368138,2.89037175789616,-1.09008503104092,6.61333864288178,2.03688192726104,0.669494651894717,-1.89711998488588,2.68051900521023,16.2378788183503,3.84048292703649,4.60517018598809,4.2987634978717
"54","Serbia","rs","srb","srb","ser",0.32,55.2,57.4,68.1,-0.1378207,52,NA,NA,6287.3120860898,94.9523166718974,100,39.8851719969946,7112146.2,60.02076,4268764.20155112,0,8,0,"0.90","Europe & Central Asia","Upper middle income",44.8024,-0.795261692903924,"Europe & Central AsiaUpper middle income",12128891.563236,87.8228431958434,99.0585544217182,47.8460001453253,44.8024,0.27763173659828,4.01096295328305,4.22097721315547,4.05004430332552,-0.148292025308039,3.95124371858143,NA,8.74628892705717,2.94443897916644,3.80226170941461,-0.105360515657826,4.0946905023779,15.77731461277,4.55337483582213,4.60517018598809,3.68600462567659
"55","Montenegro","me","mne","mne","mnt",0.32,46.3,36.6,65.6,NA,NA,0.551295744033005,0.487234561487194,7375.62947058725,105.114194688543,100,26.3181094647213,621432.4,60.55278,376294.59402072,0,9,0,"0.90","Europe & Central Asia","Upper middle income",42.4602,-0.419665237487279,"Europe & Central AsiaUpper middle income",12128891.563236,87.8228431958434,99.0585544217182,47.8460001453253,42.4602,0.27763173659828,3.83514196109219,4.18357569595004,3.60004824040732,NA,NA,-0.719009626089379,8.90593652950978,2.99573227355399,3.74856716657961,-0.105360515657826,4.10351538141419,13.3397824149101,4.65504732764571,4.60517018598809,3.27025727502933
"56","Singapore","sg","sgp","sgp","sin",0.06,58.1,20.9,40.2,NA,72,0.771579758735992,0.758815433423672,53570.2886388256,344.102729741699,100,0.980769908132735,5453852.6,79.8961,4357415.5271486,1,-2,0,"0.75","East Asia & Pacific","High income",1.28941,NA,"East Asia & PacificHigh income",17172686.8931915,136.94827077815,59.8735434994981,17.1442657265191,1.28941,0.0582689081239758,4.06216566385787,3.69386699562498,3.03974915897077,NA,4.27666611901606,-0.2759967018771,10.8887498769289,2.19722457733622,0.254184749409523,-0.287682072451781,4.38072704056717,15.5118328159865,5.8409402457615,4.60517018598809,-0.0194173952121985
"57","Slovenia","si","svn","svn","slv",0.99,72,86.4,75.2,NA,NA,0.629247665841478,0.634261129572892,24452.4836461067,146.88235331974,99.7780766318105,30.6042643681928,2063731.9,74.02966,1527773.70888154,0,10,0,"0.92","Europe & Central Asia","High income",46.0546,-0.37051807803093,"Europe & Central AsiaHigh income",11212229.1272497,125.666702835053,72.8146648171893,37.9526204341935,46.0546,0.688134638736401,4.27666611901606,4.32015123095579,4.45898767581001,NA,NA,-0.455294533044734,10.1044870703619,3.04452243772342,3.82982764913487,-0.083381608939051,4.30446582371178,14.5400265037359,4.98963194880088,4.60294848615781,3.42113935768652
"58","South Africa","za","zaf","zaf","saf",-0.1,43.1,63.2,62.8,0.057912,34,0.875253825866753,0.730885086110845,7471.9440296761,60.4581602306075,100,79.7809136761729,54921873.2,46.88913,25752388.5231832,0,9,0,"0.59","Sub-Saharan Africa","Upper middle income",-25.746,NA,"Sub-Saharan AfricaUpper middle income",4771197.83156318,91.4435427537107,100,40.9690114498375,25.746,-0.105360515657826,3.7635229971097,4.13995507347415,4.14630430115281,0.056297154173406,3.52636052461616,-0.313499032532478,8.91891048920558,2.99573227355399,3.24827927523744,-0.527632742082372,3.84778587886667,17.8214222460755,4.10195155935818,4.60517018598809,4.37928429885807
"59","South Korea","kr","kor","kor","rok",0.26,66.5,62.6,62.6,0.3692498,100,0.560752767501416,0.531803018270523,25849.0431187664,87.6833301149256,100,18.0062064727547,50777654.7,89.37242,45381218.8246337,0,8,0,"0.88","East Asia & Pacific","High income",37.5323,-0.553804730605117,"East Asia & PacificHigh income",17172686.8931915,136.94827077815,59.8735434994981,17.1442657265191,37.5323,0.231111720963387,4.19720194766181,4.13676527810605,4.13676527810605,0.314262998616319,4.60517018598809,-0.631482124614816,10.1600288625693,2.94443897916644,3.62520189557501,-0.127833371509885,4.49281213346464,17.7429669476681,4.47373180280381,4.60517018598809,2.89071650250684
"60","Spain","es","esp","esp","spn",0.67,74.3,87.6,71.2,0.1984738,48,0.676467843399922,0.650684684306488,30884.4187322367,62.7455546885597,58.0957695431411,53.6193128667965,46659024.1,77.1204,35983626.0220164,0,10,0,"0.58","Europe & Central Asia","High income",40.4167,-0.441832752279039,"Europe & Central AsiaHigh income",11212229.1272497,125.666702835053,72.8146648171893,37.9526204341935,40.4167,0.512823626428664,4.30811095172371,4.26549281841793,4.47278099794235,0.181048913994197,3.87120101090789,-0.429730110015792,10.3380070875623,3.04452243772342,3.69924306589141,-0.544727175441672,4.34536783701083,17.6583769092081,4.13908773388593,4.06209284783578,3.98190931785805
"61","Sweden","se","swe","swe","swd",0.73,78.7,72.5,77.2,1.071452,53,0.803597935056344,0.792918596709743,55507.3308208858,84.9666145887982,3.96811331323044,7.47259240119469,9788383.8,92.56599,9060714.36946962,0,10,0,"0.85","Europe & Central Asia","High income",59.3327,-0.118328083906646,"Europe & Central AsiaHigh income",11212229.1272497,125.666702835053,72.8146648171893,37.9526204341935,59.3327,0.548121408509688,4.36564315542336,4.34639945703073,4.28358656186063,0.728249810652081,3.97029191355212,-0.232034714937026,10.9242703778746,3.04452243772342,4.0831605874097,-0.162518929497775,4.52792179557111,16.0967069140551,4.44225840979261,1.37829074577659,2.01124198059896
"62","Switzerland","ch","che","che","swz",1.13,81.5,63,81.6,0.6697421,74,1.20315459476427,1.16355309581056,76643.54664294,120.376911831484,76.9959043808809,38.5976736085326,8220889.8,87.71651,7211077.62350598,0,10,0,"0.91","Europe & Central Asia","High income",46.948,-0.262871321015159,"Europe & Central AsiaHigh income",11212229.1272497,125.666702835053,72.8146648171893,37.9526204341935,46.948,0.756121979721334,4.40060302024682,4.40182926197006,4.14313472639153,0.512669183365223,4.30406509320417,0.151478337278986,11.2469206882303,3.04452243772342,3.84904060623788,-0.0943106794712413,4.4741101370765,15.9221890093491,4.79062775228902,4.34375223058036,3.65319200544552
"63","Taiwan","tw","twn","twn","taw",0.65,57.2,65,63.1,NA,93,0.78076490401893,0.75512106518156,22204.381799709,NA,NA,NA,23430529.7,NA,NA,1,10,0,"0.93","2","High income",25.105497,-0.439821231074133,"2High income",NA,NA,NA,NA,25.105497,0.500775287912489,4.04655389838575,4.14472076954717,4.17438726989564,NA,4.53259949315326,-0.280877191354143,10.0080449267491,3.04452243772342,3.22308682614393,-0.0725706928348354,NA,16.9695504179962,NA,NA,NA
"64","Thailand","th","tha","tha","thi",0.38,45.4,53,52.5,-0.2297256,32,0.477416238295771,0.348342690316903,5742.12762320283,126.556638651978,100,42.6203012669766,68508240.4,39.95428,27371974.1924891,0,1.11111111111111,0,"0.60","East Asia & Pacific","Upper middle income",13.7308,-0.614282014102601,"East Asia & PacificUpper middle income",77632492.8466688,113.813556779654,98.8941341537949,37.4454597038979,13.7308,0.322083499169113,3.8155121050473,3.96081316959758,3.97029191355212,-0.261008463980483,3.46573590279973,-1.05456854145833,8.65558508669713,2.49412330489292,2.619641484652,-0.510825623765991,3.68773580039125,18.0424645938075,4.84068994434283,4.60517018598809,3.75233069532162
"65","Trinidad & Tobago","tt","tto","tto","tri",0.64,47.5,67.8,42.1,NA,13,0.622777682159486,0.560630186431785,16145.0790206429,129.699252935211,100,10.5263157894737,1364197.9,66.65899,909360.54174121,1,10,0,"0.72","Latin America & Caribbean","High income",10.6596,NA,"Latin America & CaribbeanHigh income",1447908.02931425,129.699252935211,82.2143721631927,23.0063533524513,10.6596,0.494696241836107,3.8607297110406,3.74004774068834,4.21656219494635,NA,2.56494935746154,-0.578693795051494,9.68937057761477,3.04452243772342,2.36646089458152,-0.328504066972036,4.19958992124966,14.1260771948378,4.8652183313614,4.60517018598809,2.3538783873816
"66","Turkey","tr","tur","tur","tur",0.43,42.6,15.1,49.3,-0.0473989,46,0.646141422995735,0.574218750000001,13428.2953375006,53.9532212599009,100,50.0283067373747,77878670.2,54.71025,42607615.1630955,0,3.11111111111111,0,"0.72","Europe & Central Asia","Upper middle income",39.7153,-0.548781678208525,"Europe & Central AsiaUpper middle income",12128891.563236,87.8228431958434,99.0585544217182,47.8460001453253,39.7153,0.357674444271816,3.75185425327532,3.89792408104864,2.71469474382088,-0.0485590358816327,3.8286413964891,-0.554744857700824,9.50511935201211,2.64696250912237,3.68173650387754,-0.328504066972036,4.00205107761382,18.1706626633353,3.98811739816822,4.60517018598809,3.91258897998182
"67","Ukraine","ua","ukr","ukr","ukr",0.25,49.5,37.7,69.2,-0.1816658,86,NA,NA,3059.34798072883,101.065485058116,100,71.4905774525395,45192949.1,45.30215,20473377.5907056,0,4.88888888888889,1,"0.89","Europe & Central Asia","Lower middle income",50.4536,-0.668798151549659,"Europe & Central AsiaLower middle income",8818927.64379751,89.1025654438088,99.7388296142671,66.0622621912313,50.4536,0.22314355131421,3.90197266957464,4.23700086262362,3.62966009445396,-0.20048446835905,4.45434729625351,NA,8.02595709404885,2.76562005292369,3.92105410203375,-0.116533816255952,3.81335449273139,17.6264516392714,4.61576867365428,4.60517018598809,4.26956565713514
"68","United States","us","usa","usa","usa",0.42,69.3,67.5,71.4,0.8112621,26,0.888282455865887,0.802612838632909,51712.439404388,28.470881455883,20.1590098644212,44.4658429449428,319249329,78.24164,249785910.698596,0,9.33333333333333,0,"0.89","North America","High income",38.8895,-0.524359993209944,"North AmericaHigh income",93663414.8850819,55.7805360962268,42.1407321400928,18.9730458301065,38.8895,0.350656871613169,4.23844490619586,4.26829786934554,4.21212759787848,0.59402389509973,3.25809653802148,-0.21988282497411,10.8534536389902,3.0122615755052,3.66072429130949,-0.116533816255952,4.35980198665207,19.5814829510736,3.34888186167765,3.00365132812905,3.79472132016528
"69","Uruguay","uy","ury","ury","uru",0.74,49.1,25,55.5,NA,26,0.731372161789353,0.72586519702732,13673.8934306406,46.6237427895876,49.3224579443509,82.4402099581476,3408087.6,61.58883,2099001.27821508,0,10,0,"0.44","Latin America & Caribbean","High income",-34.8941,NA,"Latin America & CaribbeanHigh income",1447908.02931425,129.699252935211,82.2143721631927,23.0063533524513,34.8941,0.553885113226438,3.89385903480047,4.01638302075239,3.2188758248682,NA,3.25809653802148,-0.320390960423556,9.52324370486728,3.04452243772342,3.55231776047581,-0.82098055206983,4.12048052292816,15.0416618708263,3.84210991330205,3.89837951372001,4.41207330281848
"70","Uzbekistan","uz","uzb","uzb","uzb",0.83,44.3,37.6,65.9,NA,NA,0.497603506311605,0.422861710631494,2060.2121144225,45.8275949533744,100,62.8416952112298,31074935,36.69066,11401598.746071,0,-9,1,"0.80","Europe & Central Asia","Lower middle income",41.3052,NA,"Europe & Central AsiaLower middle income",8818927.64379751,89.1025654438088,99.7388296142671,66.0622621912313,41.3052,0.60431596685333,3.79098467705109,4.18813844150846,3.62700405039585,NA,NA,-0.860710078608614,7.63056422464903,0.693147180559945,3.72098840003156,-0.22314355131421,3.60252222675814,17.2519121036453,3.82488641958293,4.60517018598809,4.14061878965038
"71","Vietnam","vn","vnm","vnm","vie",0.47,33.4,33.3,30.7,0.1104997,57,0.384333968312498,0.445066251418821,1655.1660316237,178.885978392393,100,36.7072867546614,92202470.9,47.72096,43999904.2572006,0,-7,0,"0.52","East Asia & Pacific","Lower middle income",21.0069,-0.311239611140488,"East Asia & PacificLower middle income",12588192.3266191,96.3781649061664,99.4449604482718,27.9313831909733,21.0069,0.385262400790645,3.50855589998265,3.42426265459315,3.5055573969864,0.104810094203727,4.04305126783455,-0.809532128304507,7.41165660400211,1.38629436111989,3.04485095518422,-0.653926467406664,3.86537071437858,18.339497487517,5.18674861065375,4.60517018598809,3.60297528452558
"72","Zambia","zm","zmb","zmb","zam",-0.05,34.7,90.4,26.5,NA,30,0.559378430995406,0.431554455487582,1615.69478375634,74.8954997222351,100,31.9294044848599,15672996.3,17.23274,2700886.70258862,0,6.66666666666667,0,"0.48","Sub-Saharan Africa","Lower middle income",-15.3982,NA,"Sub-Saharan AfricaLower middle income",5539172.86426922,71.715946540568,100,50.416970493132,15.3982,-0.0512932943875506,3.54673968695281,3.27714473299218,4.50424426739813,NA,3.40119738166216,-0.840361575986539,7.38752034980467,2.87167962488401,2.73425061947134,-0.7339691750802,2.84681106285318,16.5674498085614,4.31609380490278,4.60517018598809,3.46352735590635
"73","Zimbabwe","zw","zwe","zwe","zim",0.01,37,87,37,-0.2385872,15,0.53410259779543,0.40382914249143,1190.70012422983,63.1203171483401,100,41.9505530013478,13681045.7,18.5694,2540488.1002158,0,3,0,"0.33","Sub-Saharan Africa","Lower middle income",-17.8312,-0.613937459190301,"Sub-Saharan AfricaLower middle income",5539172.86426922,71.715946540568,100,50.416970493132,17.8312,0.00995033085316809,3.61091791264422,3.61091791264422,4.46590811865458,-0.272579624037667,2.70805020110221,-0.906763405099773,7.08229675279056,2.63905732961526,2.88094973190985,-1.10866262452161,2.92151506466492,16.4315219072958,4.1450427010551,4.60517018598809,3.73649161521841
"74","Afghanistan","af","afg","afg","afg",NA,25.5,21.9,22.2,-0.2013601,NA,0.50751881213788,0.364220292100512,567.40472208425,49.5093169861203,100,58.067798390379,33741195,8.731455,2946097.25788725,0,-1,0,"0.25","South Asia","Low income",34.5228,NA,"South AsiaLow income",4154273.39635048,49.5093169861203,100,43.41309103218,34.5228,NA,3.23867845216438,3.10009228887823,3.08648663682246,-0.224845123166837,NA,-1.00999639632557,6.34107284465991,2.30258509299405,3.5416199753244,-1.38629436111989,2.16693202263083,17.3342300523565,3.90216087380494,4.60517018598809,4.06161126563578
"75","Angola","ao","ago","ago","ang",NA,29.7,39.3,49,NA,NA,0.491805638540658,0.325641017879266,3558.99994521855,76.579488922292,100,47.3398343054235,27482106.7,11.11173,3053737.49481591,0,-2,0,"0.35","Sub-Saharan Africa","Lower middle income",-8.81155,NA,"Sub-Saharan AfricaLower middle income",5539172.86426922,71.715946540568,100,50.416970493132,8.81155,NA,3.39114704580865,3.89182029811063,3.67122451887522,NA,NA,-1.12195967650042,8.17723487011782,2.19722457733622,2.17606336090896,-1.04982212449868,2.40800130710068,17.1290456854076,4.33832927225164,4.60517018598809,3.85735210398304
"76","Albania","al","alb","alb","alb",NA,49,68.2,56.8,NA,61,NA,NA,4567.75656679606,76.4106267170946,99.9999999999911,43.3847246378879,2885364.1,60.89092,1756924.74583972,0,9,0,"0.49","Europe & Central Asia","Upper middle income",41.3317,-0.590568307863996,"Europe & Central AsiaUpper middle income",12128891.563236,87.8228431958434,99.0585544217182,47.8460001453253,41.3317,NA,3.89182029811063,4.03953632572711,4.22244456484942,NA,4.11087386417331,NA,8.42677745893423,2.99573227355399,3.72162976002711,-0.713349887877465,4.10908406671968,14.8751616544673,4.33612177965561,4.605170185988,3.77010741228254
"77","United Arab Emirates","ae","are","are","uae",NA,55.6,80.9,38.9,-0.0913187,NA,0.552271915575829,0.456838873774812,38491.9944333109,164.119926692011,100,5.47330725647186,9256301.7,88.29199,8172572.97133383,0,-8,0,"0.72","Middle East & North Africa","High income",24.4764,NA,"Middle East & North AfricaHigh income",5647996.52706006,132.573044537283,100,21.5776062099336,24.4764,NA,4.01818320125654,3.6609942506244,4.39321382406445,-0.0957608513414882,NA,-0.783424524053596,10.5582055618569,1.09861228866811,3.19770938800639,-0.328504066972036,4.48064939001841,16.0408151423979,5.10059742090079,4.60517018598809,1.69988305099742
"78","Austria","at","aut","aut","aus",NA,79.6,85.5,71.3,0.608285,60,1.11943623006162,1.09997817815485,48448.0787574269,104.108893168934,93.2768525695586,33.0414291975955,8610573.8,82.72167,7122810.44394246,0,10,0,"0.84","Europe & Central Asia","High income",48.2201,-0.436213110733756,"Europe & Central AsiaHigh income",11212229.1272497,125.666702835053,72.8146648171893,37.9526204341935,48.2201,NA,4.37701409285034,4.26689632742025,4.44851637594271,0.475168393857803,4.0943445622221,0.0952903415664993,10.7882479624032,3.04452243772342,3.87577594657916,-0.174353387144778,4.41548159914434,15.9685015176212,4.64543740106845,4.5355719802829,3.49776220430306
"79","Belgium","be","bel","bel","bel",NA,73.3,87.4,70.2,NA,82,1.11521354888433,1.08074676260066,45444.5274610254,159.537115300096,95.9264858225667,44.2064540479336,11230113.1,84.27749,9464457.44484119,0,8,0,"0.85","Europe & Central Asia","High income",50.8371,NA,"Europe & Central AsiaHigh income",11212229.1272497,125.666702835053,72.8146648171893,37.9526204341935,50.8371,NA,4.29456060889261,4.25134831103177,4.47049528266149,NA,4.40671924726425,0.0776522490493531,10.7242476844578,2.94443897916644,3.92862640299486,-0.162518929497775,4.43411480681239,16.2341093979017,5.07227659296121,4.56358212543257,3.78887079760791
"80","Benin","bj","ben","ben","ben",NA,30,67,30.7,NA,NA,0.741438623702337,0.572264432997571,1127.67300406535,57.6598981623584,100,32.521664217301,10459018.9,10.592732,1107895.84190635,0,7,0,"0.16","Sub-Saharan Africa","Low income",6.4779,NA,"Sub-Saharan AfricaLow income",1805103.36807685,65.3648696553145,100,51.2090421299291,6.4779,NA,3.40119738166216,3.42426265459315,4.20469261939097,NA,NA,-0.55815409897766,7.02791150001879,2.89037175789616,1.86839638376676,-1.83258146374831,2.36016810556808,16.1629752167909,4.05456192603385,4.60517018598809,3.48190645856396
"81","Bangladesh","bd","bgd","bgd","bng",NA,29,46.8,35.6,0.0811367,47,NA,NA,1001.04029370748,41.4493583662613,100,70.2953831750925,155344176.7,10.905,16940282.469135,0,1.88888888888889,0,"0.22","South Asia","Lower middle income",23.7055,-0.741141905207123,"South AsiaLower middle income",78331606.1098047,54.1062831475053,100,47.8135819026806,23.7055,NA,3.36729582998647,3.57234563785798,3.8458832029236,0.0780129876463347,3.85014760171006,NA,6.9087950319591,2.55636561377015,3.16570708872813,-1.51412773262978,2.38922139965359,18.861153708067,3.7244724017573,4.60517018598809,4.25270612347501
"82","Bolivia","bo","bol","bol","bol",NA,44.3,83.6,40,0.0713311,NA,NA,NA,2297.79974187639,70.3981963848567,99.9995437886932,34.7496406482837,10784875.2,36.60867,3948199.37187984,0,7,0,"0.45","Latin America & Caribbean","Lower middle income",-13.9908,-0.293428243408737,"Latin America & CaribbeanLower middle income",2227188.41838884,89.5962898051361,99.9806372488551,45.3377061157355,13.9908,NA,3.79098467705109,3.68887945411394,4.42604352009066,0.0689018940152935,NA,NA,7.73970731008415,2.89037175789616,2.63839997074511,-0.798507696217772,3.60028509760034,16.1936552661112,4.25416764330252,4.60516562386462,3.54816923090075
"83","Botswana","bw","bwa","bwa","bot",NA,40.4,91.6,37.9,0.2339903,NA,0.374581348177338,0.326854358962995,7501.41578638596,97.7456275584739,100,45.6950271655563,2123681.9,31.54198,669851.32016162,0,8,0,"0.37","Sub-Saharan Africa","Upper middle income",-24.6544,NA,"Sub-Saharan AfricaUpper middle income",4771197.83156318,91.4435427537107,100,40.9690114498375,24.6544,NA,3.6988297849671,3.63495111208838,4.51743127168008,0.210253064836418,NA,-1.1182405927327,8.92284705322743,2.94443897916644,3.20495538354545,-0.994252273343867,3.45131935698996,14.568661885533,4.58236846700542,4.60517018598809,3.82198947722134
"84","Cte dIvoire","ci","civ","civ","ivo",NA,25.8,62,20.2,NA,NA,0.668917363483082,0.572637707661416,1423.7454966889,67.3801383531651,100,64.7798742138365,23011608,24.86394,5721592.4061552,0,3.55555555555556,0,"0.21","Sub-Saharan Africa","Lower middle income",5.332,NA,"Sub-Saharan AfricaLower middle income",5539172.86426922,71.715946540568,100,50.416970493132,5.332,NA,3.25037449192757,3.00568260440716,4.12713438504509,NA,NA,-0.55750203507837,7.26104635176352,2.67797274586493,1.67372640231646,-1.56064774826467,3.21341856105491,16.9515093422296,4.21035029130318,4.60517018598809,4.1709949719975
"85","Cte dIvoire","ci","civ","civ","ivo",NA,25.8,62,20.2,NA,NA,0.668917363483082,0.572637707661416,1423.7454966889,67.3801383531651,100,64.7798742138365,23011608,24.86394,5721592.4061552,0,3.55555555555556,0,"0.21","Sub-Saharan Africa","Lower middle income",5.332,NA,"Sub-Saharan AfricaLower middle income",5539172.86426922,71.715946540568,100,50.416970493132,5.332,NA,3.25037449192757,3.00568260440716,4.12713438504509,NA,NA,-0.55750203507837,7.26104635176352,2.67797274586493,1.67372640231646,-1.56064774826467,3.21341856105491,16.9515093422296,4.21035029130318,4.60517018598809,4.1709949719975
"86","Cameroon","cm","cmr","cmr","cao",NA,33.6,48.6,66.4,-0.4274942,NA,0.636891349115918,0.526472188915666,1409.09235642312,49.5260335562997,100,20.6106431910836,23037562,15.6507,3605539.715934,0,-4,0,"0.37","Sub-Saharan Africa","Lower middle income",3.8721,NA,"Sub-Saharan AfricaLower middle income",5539172.86426922,71.715946540568,100,50.416970493132,3.8721,NA,3.51452606696916,4.19569705648239,3.88362353090645,-0.557732412600694,NA,-0.641556771375603,7.25070105724743,1.94591014905531,1.35379699552711,-0.994252273343867,2.75051564442038,16.9526365722208,3.90249846175201,4.60517018598809,3.02580760213417
"87","Congo - Kinshasa","cd","cod","cod","zai",NA,36.4,73.3,40.1,NA,NA,0.848943772875762,0.751841382444635,387.931090601914,72.5465998548694,100,11.5193753997486,75275710.1,4.466963,3362538.11815426,0,2.33333333333333,0,"0.50","Sub-Saharan Africa","Low income",-4.325,NA,"Sub-Saharan AfricaLow income",1805103.36807685,65.3648696553145,100,51.2090421299291,4.325,NA,3.5945687746427,3.69137633431252,4.29456060889261,NA,NA,-0.285229904880871,5.96082772230879,2.59026716544583,1.46441214038384,-0.693147180559945,1.49670875937172,18.1366680656984,4.28422911199995,4.60517018598809,2.44403043502603
"88","Costa Rica","cr","cri","cri","cos",NA,52.5,70.1,54.8,-0.1630673,NA,0.89086214102625,0.871305797436129,9149.01280495626,66.3455525015303,99.9232307563513,35.1577974807956,4818007.2,57.44958,2767924.90076976,0,10,0,"0.47","Latin America & Caribbean","Upper middle income",9.63701,NA,"Latin America & CaribbeanUpper middle income",14476245.5107971,64.7597737633425,98.7105726094323,32.1854516483542,9.63701,NA,3.96081316959758,4.00369019395397,4.24992279404054,-0.178011617938079,NA,-0.137762275989769,9.12140126228029,3.04452243772342,2.26561089453594,-0.755022584278033,4.05090769356308,15.3878709565519,4.19487672765785,4.60440219872487,3.55984642810158
"89","Cuba","cu","cub","cub","cub",NA,48.4,51.1,64.2,NA,NA,0.701883778277539,0.58934730809963,6298.08936428991,36.5457907742666,99.9999999999811,60.2728848998263,11297999.5,36.65344,4141105.4679328,1,-6.77777777777778,0,"0.72","Latin America & Caribbean","Upper middle income",23.1333,NA,"Latin America & CaribbeanUpper middle income",14476245.5107971,64.7597737633425,98.7105726094323,32.1854516483542,23.1333,NA,3.87949981372259,4.16200321069592,3.93378449720966,NA,NA,-0.528739611895065,8.74800159087277,1.44036158239017,3.14127313792142,-0.328504066972036,3.60150728477385,16.2401362326117,3.59856601606921,4.6051701859879,4.09888233261498
"90","Czechia","cz","cze","cze","czr",NA,71,85.7,76.3,0.3843513,70,0.609547586551118,0.627162337204778,21571.4556108268,146.347210579512,99.8632268469112,49.4056205150817,10552736.8,75.35064,7951554.71631552,0,9,1,"0.91","Europe & Central Asia","High income",50.0878,-0.475592777479723,"Europe & Central AsiaHigh income",11212229.1272497,125.666702835053,72.8146648171893,37.9526204341935,50.0878,NA,4.26267987704132,4.33467293829041,4.45085282560373,0.325231654465995,4.24849524204936,-0.466549860848483,9.979126220223,2.99573227355399,3.91377746546267,-0.0943106794712413,4.32215241873252,16.1718957965671,4.98598195302808,4.60380151825869,3.90006419333087
"91","Denmark","dk","dnk","dnk","den",NA,82.5,81.7,95,NA,35,0.841076933071003,0.840477460688405,60891.9051819362,102.709882412876,78.9137737477906,62.388571997551,5675689.6,94.74981,5377705.11218976,0,10,0,"0.90","Europe & Central Asia","High income",55.6763,-0.286458558590234,"Europe & Central AsiaHigh income",11212229.1272497,125.666702835053,72.8146648171893,37.9526204341935,55.6763,NA,4.41279829334063,4.55387689160054,4.40305400186596,NA,3.55534806148941,-0.173785143044607,11.0168555250265,3.04452243772342,4.01955456266876,-0.105360515657826,4.55123983868348,15.5517026293678,4.63190833833114,4.36835578483122,4.13338211753812
"92","Dominican Republic","do","dom","dom","dom",NA,46.3,81.6,56.1,NA,13,0.397301459580591,0.378748294657147,6587.97622734003,54.2605700927702,99.9730620599704,48.9517106780613,10221132.1,54.25065,5545030.60160865,1,7.66666666666667,0,"0.44","Latin America & Caribbean","Upper middle income",18.479,NA,"Latin America & CaribbeanUpper middle income",14476245.5107971,64.7597737633425,98.7105726094323,32.1854516483542,18.479,NA,3.83514196109219,4.02713581252865,4.40182926197006,NA,2.56494935746154,-0.970883424724082,8.79300148281197,2.92673940206704,2.91663495219529,-0.82098055206983,3.99361497391561,16.1399679095991,3.99379781386137,4.60490077029865,3.89083431582371
"93","Fiji","fj","fji","fji","fji",NA,34.4,25.1,36.9,NA,NA,0.438532561201917,0.363947292587664,4227.80834588687,111.875484593662,97.0587687226155,23.2621784345922,871231.8,39.32486,342610.68562548,1,-0.666666666666667,0,"0.69","East Asia & Pacific","Upper middle income",-18.1149,NA,"East Asia & PacificUpper middle income",77632492.8466688,113.813556779654,98.8941341537949,37.4454597038979,18.1149,NA,3.53805656437935,3.60821155104648,3.22286784613774,NA,NA,-1.01074622241335,8.34943901622923,2.33537491581704,2.89673480404475,-0.371063681390832,3.67185688886172,13.6776633513121,4.7173865081491,4.57531665816217,3.1468287985345
"94","Gabon","ga","gab","gab","gab",NA,45.8,86,63.8,NA,NA,0.637878644131934,0.522443503797177,9253.11238244435,79.9604796339556,100,20.0256141576435,1907156.4,40.3446,769434.6209544,0,3,0,"0.62","Sub-Saharan Africa","Upper middle income",0.38832,NA,"Sub-Saharan AfricaUpper middle income",4771197.83156318,91.4435427537107,100,40.9690114498375,0.38832,NA,3.82428409112014,4.15575319035074,4.45434729625351,NA,NA,-0.649238427693252,9.13271524768963,2.63905732961526,-0.945925537003846,-0.478035800943,3.69745755676378,14.4611238948536,4.38153250803787,4.60517018598809,2.99701216202937
"95","Greece","gr","grc","grc","grc",NA,69.1,72.6,66.5,-0.3600854,45,0.63849248318348,0.609500805152978,23496.6474963785,64.096049165541,99.999999999954,53.0389005873878,10892961.2,62.92919,6854852.25017428,0,10,0,"0.83","Europe & Central Asia","High income",37.9792,-0.525729974501308,"Europe & Central AsiaHigh income",11212229.1272497,125.666702835053,72.8146648171893,37.9526204341935,37.9792,NA,4.23555473077362,4.19720194766181,4.28496492183075,-0.446420549031995,3.80666248977032,-0.495115009055976,10.0646130302268,3.04452243772342,3.63703864144455,-0.186329578191493,4.14201012601154,16.2036273771377,4.1603827265441,4.60517018598763,3.97102561767235
"96","Guatemala","gt","gtm","gtm","gua",NA,31.8,41.3,36.7,-0.2572554,NA,NA,NA,3154.89605105024,53.4264554319701,100,35.8454115440488,15434694.4,34.02152,5251117.64223488,0,8,0,"0.21","Latin America & Caribbean","Upper middle income",14.6248,-0.380844023717816,"Latin America & CaribbeanUpper middle income",14476245.5107971,64.7597737633425,98.7105726094323,32.1854516483542,14.6248,NA,3.45946628978613,3.60277675506052,3.72086249996699,-0.297403034945216,NA,NA,8.05671082706336,2.94443897916644,2.68271871781074,-1.56064774826467,3.52699326556985,16.5521284165646,3.97830604336049,4.60517018598809,3.57921556845106
"97","Honduras","hn","hnd","hnd","hon",NA,37.8,59.9,43.1,NA,NA,0.515588563021139,0.427563889810819,2066.7754970711,109.067857911374,99.9955592117444,28.8995569628334,9033930.5,23.369,2111139.218545,0,6.77777777777778,0,"0.20","Latin America & Caribbean","Lower middle income",15.1333,NA,"Latin America & CaribbeanLower middle income",2227188.41838884,89.5962898051361,99.9806372488551,45.3377061157355,15.1333,NA,3.63230910262554,3.7635229971097,4.0926765051214,NA,NA,-0.849651551921969,7.6337449408517,2.87794923789761,2.71689761373359,-1.6094379124341,3.15141035773367,16.0164981020079,4.69197023817114,4.60512577711948,3.36382626499512
"98","Croatia","hr","hrv","hrv","cro",NA,63.1,82.6,70,-0.0937135,58,0.553517690052734,0.555440513874141,14561.0311861865,89.4591504179305,99.9450380509316,25.9077915287866,4199551.2,67.29628,2826141.73429536,0,9,0,"0.78","Europe & Central Asia","High income",45.8069,-0.52255084229288,"Europe & Central AsiaHigh income",11212229.1272497,125.666702835053,72.8146648171893,37.9526204341935,45.8069,NA,4.14472076954717,4.24849524204936,4.41400968052693,-0.0983997977622343,4.06044301054642,-0.587993761371659,9.58610414246993,2.99573227355399,3.82443473479465,-0.2484613592985,4.20910496023441,15.2504882204011,4.49378210117815,4.60462041540125,3.25454375469213
"99","Haiti","ht","hti","hti","hai",NA,27,34.5,37,-0.3756559,NA,0.548449788861417,0.44912281832936,1243.40055551186,43.4643968380101,100,66.5042504665146,10615438.4,15.08736,1601589.40698624,1,1.66666666666667,0,"0.22","Latin America & Caribbean","Low income",18.5392,NA,"Latin America & CaribbeanLow income",1601589.40698624,43.4643968380101,100,66.5042504665146,18.5392,NA,3.29583686600433,3.61091791264422,3.54095932403731,-0.471053620293454,NA,-0.800458891162569,7.12560528860356,2.53897387105828,2.91988740926066,-1.51412773262978,2.71385730717596,16.1778199523138,3.7719421394765,4.60517018598809,4.19726586240891
"100","Ireland","ie","irl","irl","ire",NA,72.8,65.8,66.6,NA,24,0.837811166241452,0.836968836359045,60833.6743634069,207.21289510381,21.3028375554733,65.2696845903407,4709476.8,80.50639,3791429.75956752,1,10,0,"0.79","Europe & Central Asia","High income",53.3441,NA,"Europe & Central AsiaHigh income",11212229.1272497,125.666702835053,72.8146648171893,37.9526204341935,53.3441,NA,4.28771595520264,4.19870457754634,4.18661983833127,NA,3.17805383034795,-0.177968441731754,11.0158987692947,3.04452243772342,3.9767633811917,-0.23572233352107,4.38833656015617,15.3650873770199,5.3337467435058,3.05884028240939,4.17852768025213
"101","Israel","il","isr","isr","isr",NA,65.8,47.6,56.9,0.4568054,38,0.68436225999095,0.673950889757931,33040.2717280316,62.9481297068581,100,24.2381835002713,8315060,75.93975,6314435.77635,0,6,0,"0.71","Middle East & North Africa","High income",31.7717,NA,"Middle East & North AfricaHigh income",5647996.52706006,132.573044537283,100,21.5776062099336,31.7717,NA,4.18661983833127,4.04129534113228,3.86283276123737,0.376245956178922,3.63758615972639,-0.394598034585167,10.4054824518151,2.83321334405622,3.45857595645009,-0.342490308946776,4.32994026272555,15.9335788864581,4.14231104927627,4.60517018598809,3.18792922028549
"102","Italy","it","ita","ita","ita",NA,71,75.6,68.1,0.1084882,61,0.913160591816186,0.879613968547903,34953.0488262349,56.3690757233847,96.8081457279339,45.8301680512013,60183361.6,60.93155,36670655.0649848,0,10,0,"0.72","Europe & Central Asia","High income",41.8955,-0.383220477156433,"Europe & Central AsiaHigh income",11212229.1272497,125.666702835053,72.8146648171893,37.9526204341935,41.8955,NA,4.26267987704132,4.22097721315547,4.32545628318549,0.102997105001783,4.11087386417331,-0.128272139859295,10.4617609777982,3.04452243772342,3.73517842259243,-0.328504066972036,4.10975110296523,17.9129064866955,4.03192070535421,4.57273114082407,3.82494256535265
"103","Jamaica","jm","jam","jam","jam",NA,48.2,58.2,65.7,NA,NA,0.330098447072784,0.310831311325751,4756.22797554151,82.8987388207486,99.9999999999893,40.9972299168975,2881361.2,42.82057,1233815.28959884,1,9,0,"0.69","Latin America & Caribbean","Upper middle income",17.9927,NA,"Latin America & CaribbeanUpper middle income",14476245.5107971,64.7597737633425,98.7105726094323,32.1854516483542,17.9927,NA,3.87535902105655,4.18509892549057,4.06388535473739,NA,NA,-1.16850492127166,8.46721019096411,2.99573227355399,2.88996612008071,-0.371063681390832,3.7570185946096,14.8737733793424,4.41761984876556,4.60517018598798,3.71350450141933
"104","Kenya","ke","ken","ken","ken",NA,34.7,53.5,49,-0.0762227,NA,NA,NA,1084.61068787615,46.5696398319324,100,48.4942193484907,47289069.1,14.74072,6970749.26663752,0,8.66666666666667,0,"0.47","Sub-Saharan Africa","Lower middle income",-1.27975,NA,"Sub-Saharan AfricaLower middle income",5539172.86426922,71.715946540568,100,50.416970493132,1.27975,NA,3.54673968695281,3.89182029811063,3.97968165390196,-0.0792842537058112,NA,NA,6.9889763885684,2.97892515523761,0.246664746355556,-0.755022584278033,2.69061373224394,17.6717897295035,3.84094882305698,4.60517018598809,3.88144460214899
"105","Cambodia","kh","khm","khm","cam",NA,33.6,60.1,30.9,-0.119899,NA,0.575027283394938,0.519213242620818,1009.45542157556,123.549872437382,100,30.9030138227963,15396840.7,18.137859,2792657.25662061,0,0.666666666666667,0,"0.15","East Asia & Pacific","Lower middle income",11.5556,NA,"East Asia & PacificLower middle income",12588192.3266191,96.3781649061664,99.4449604482718,27.9313831909733,11.5556,NA,3.51452606696916,3.4307561839037,4.09600984154116,-0.127718605368498,NA,-0.655440608099307,6.91716627786311,2.4567357728213,2.4471701679516,-1.89711998488588,2.89800141126046,16.5496728969872,4.8166448999564,4.60517018598809,3.43085371386583
"106","Laos","la","lao","lao","lao",NA,34.8,69.7,30.7,NA,NA,0.479608766833879,0.35864390767023,1496.83678498057,90.3904653889665,100,10.0504456548651,6699332.9,17.01089,1139616.15035281,0,-7,0,"0.19","East Asia & Pacific","Lower middle income",18.5826,NA,"East Asia & PacificLower middle income",12588192.3266191,96.3781649061664,99.4449604482718,27.9313831909733,18.5826,NA,3.54961738678043,3.42426265459315,4.24420031776648,NA,NA,-1.02542528339287,7.31110935040655,1.38629436111989,2.92222565901007,-1.66073120682165,2.83385372720245,15.7175185122399,4.50413879047465,4.60517018598809,2.3076169772896
"107","Sri Lanka","lk","lka","lka","sri",NA,39,61.1,31,-0.1009262,NA,NA,NA,3521.15475062973,50.8029150493411,89.3251725123682,43.2831400779096,20953840.7,22.38253,4689999.68082971,1,4.33333333333333,0,"0.60","South Asia","Upper middle income",6.92148,NA,"South AsiaUpper middle income",2455784.38801212,101.815723380164,69.6625858908712,34.8082368645672,6.92148,NA,3.66356164612965,3.43398720448515,4.11251186617755,-0.106390156667358,NA,NA,8.16654426895032,2.73002910782099,1.93462961959441,-0.510825623765991,3.10828074385813,16.8578325144991,3.92795373579915,4.49228333519637,3.76776318453833
"108","Lithuania","lt","ltu","ltu","lit",NA,62.9,87.5,65.9,-0.0617425,82,0.449471756959106,0.403701165181632,15260.0409036177,144.899816698155,99.0354355032429,46.1063840983986,2919315.7,71.82473,2096790.61937261,0,10,1,"0.95","Europe & Central Asia","High income",54.6896,-1.03267138324781,"Europe & Central AsiaHigh income",11212229.1272497,125.666702835053,72.8146648171893,37.9526204341935,54.6896,NA,4.1415461637064,4.18813844150846,4.47163879336357,-0.0637308473938397,4.40671924726425,-0.907080364871197,9.63299298528162,3.04452243772342,4.00167356338057,-0.0512932943875506,4.2742288457215,14.8868597974653,4.97604258430275,4.59547772046755,3.8309514241109
"109","Luxembourg","lu","lux","lux","lux",NA,82.3,85.5,77.5,NA,64,1.19201788366423,1.13383337260193,107103.244819726,369.124309321106,84.4489811603307,53.9323935713367,563172.5,94.70486,533351.7276835,0,10,0,"0.86","Europe & Central Asia","High income",49.61,NA,"Europe & Central AsiaHigh income",11212229.1272497,125.666702835053,72.8146648171893,37.9526204341935,49.61,NA,4.41037110768302,4.3502779363593,4.44851637594271,NA,4.15888308335967,0.125604256768354,11.5815485530798,3.04452243772342,3.90419242631296,-0.150822889734584,4.55076531883297,13.2413412545088,5.91113346893767,4.43614757876813,3.98773129129279
"110","Latvia","lv","lva","lva","lat",NA,61.6,86.7,67.7,NA,69,NA,NA,14177.6590137503,121.730611632499,95.0869658719556,29.9220562918661,1991728.7,77.12238,1536068.57658306,0,8,1,"0.91","Europe & Central Asia","High income",56.9465,NA,"Europe & Central AsiaHigh income",11212229.1272497,125.666702835053,72.8146648171893,37.9526204341935,56.9465,NA,4.12066187053947,4.21508617991823,4.4624538837865,NA,4.23410650459726,NA,9.55942269574842,2.94443897916644,4.04211223058582,-0.0943106794712413,4.34539351082195,14.5045135130722,4.80181050190982,4.55479190308094,3.39859587707715
"111","Madagascar","mg","mdg","mdg","mag",NA,26.5,25,39.9,NA,NA,0.55064188349456,0.448533224218923,475.681628634648,59.5128645018641,100,71.1816085552554,23972407.1,5.088763,1219898.98271417,1,4.33333333333333,0,"0.33","Sub-Saharan Africa","Low income",-20.4667,NA,"Sub-Saharan AfricaLow income",1805103.36807685,65.3648696553145,100,51.2090421299291,20.4667,NA,3.27714473299218,3.68637632389582,3.2188758248682,NA,NA,-0.801772521700937,6.164748783047,2.73002910782099,3.01879917514816,-1.10866262452161,1.62703477548666,16.9924140227287,4.08619249929691,4.60517018598809,4.26523447824277
"112","Myanmar (Burma)","mm","mmr","mmr","mya",NA,25.1,31,22.2,NA,NA,0.360416958583853,0.260267430754536,1293.03151225531,41.7975212136013,100,19.3264808710638,52400073.7,16.35837,8571797.93611869,0,0.888888888888889,0,"0.19","East Asia & Pacific","Lower middle income",21.914,-0.665996191493994,"East Asia & PacificLower middle income",12588192.3266191,96.3781649061664,99.4449604482718,27.9313831909733,21.914,NA,3.22286784613774,3.10009228887823,3.43398720448515,NA,NA,-1.34604559676724,7.16474474990204,2.47560425712569,3.0871257019832,-1.66073120682165,2.79473969295905,17.7744185557788,3.73283703666231,4.60517018598809,2.96147622134682
"113","Mongolia","mn","mng","mng","mon",NA,32.2,73.1,16.6,NA,75,0.329377321606289,0.22701893877894,3691.27667605674,110.141118955592,97.6136471763323,72.7088473696818,2970080.9,22.00168,653467.69535912,0,10,0,"0.28","East Asia & Pacific","Lower middle income",47.9129,NA,"East Asia & PacificLower middle income",12588192.3266191,96.3781649061664,99.4449604482718,27.9313831909733,47.9129,NA,3.47196645255036,2.8094026953625,4.29182836675573,NA,4.31748811353631,-1.48272183423666,8.21372765986757,3.04452243772342,3.86938477922387,-1.27296567581289,3.09111881407913,14.9040997494651,4.70176244317616,4.58101731127043,4.28646307410449
"114","Mozambique","mz","moz","moz","mzm",NA,33.9,67.4,31.1,NA,NA,0.635938512602447,0.58845029239766,551.032795049831,101.037567434425,100,63.5189094330985,26781154.6,9.545495,2556393.77328527,0,5,0,"0.12","Sub-Saharan Africa","Low income",-25.9664,NA,"Sub-Saharan AfricaLow income",1805103.36807685,65.3648696553145,100,51.2090421299291,25.9664,NA,3.5234150143864,3.43720781918519,4.21064501791826,NA,NA,-0.530262820763934,6.31179432652842,2.77258872223978,3.25680339457948,-2.12026353620009,2.25606931544541,17.1032090115623,4.61549240247951,4.60517018598809,4.1513376479171
"115","Mauritius","mu","mus","mus","mas",NA,45.1,19.3,51,NA,NA,0.418585240039928,0.399421173984052,9388.57276263363,105.612400529901,100,42.9978888106967,1259997.8,46.395,584575.97931,1,10,0,"0.55","Sub-Saharan Africa","Upper middle income",-20.1605,NA,"Sub-Saharan AfricaUpper middle income",4771197.83156318,91.4435427537107,100,40.9690114498375,20.1605,NA,3.80888224650863,3.93182563272433,2.96010509591084,NA,NA,-0.917738844923787,9.14724856519015,3.04452243772342,3.00372524448292,-0.59783700075562,3.83719169480514,14.0466205328944,4.65977579363831,4.60517018598809,3.76115101706259
"116","Malawi","mw","mwi","mwi","maw",NA,38.3,84.2,34.2,-0.0455874,NA,NA,NA,501.583297708893,66.9652229071944,100,60.8597490757016,16541945.2,7.89372,1305774.83664144,0,6,0,"0.31","Sub-Saharan Africa","Low income",-13.9899,NA,"Sub-Saharan AfricaLow income",1805103.36807685,65.3648696553145,100,51.2090421299291,13.9899,NA,3.6454498961866,3.53222564406856,4.43319492124828,-0.0466592062738414,NA,NA,6.2177696907358,2.83321334405622,2.63833564068901,-1.17118298150295,2.06606750663438,16.6214098464489,4.20417342354548,4.60517018598809,4.10857202148467
"117","Namibia","na","nam","nam","nam",NA,40.2,76.6,55.4,NA,NA,0.633131929075212,0.536652131800376,5861.19800355588,95.6049443069926,100,47.1389182426605,2299563.2,27.50026,632385.85886432,0,6,0,"0.42","Sub-Saharan Africa","Upper middle income",-22.5648,NA,"Sub-Saharan AfricaUpper middle income",4771197.83156318,91.4435427537107,100,40.9690114498375,22.5648,NA,3.69386699562498,4.01457959375324,4.33859707674655,NA,NA,-0.62240519364029,8.67610929914344,2.83321334405622,3.11639116995584,-0.867500567704723,3.31419545917329,14.6482297498201,4.56022453741238,4.60517018598809,3.8530989494861
"118","Nicaragua","ni","nic","nic","nic",NA,39.2,59.6,38,-0.6125203,NA,0.46447087813486,0.392543859649124,1753.96729957716,102.213506971247,99.9274459949826,42.0948976736672,6183790.1,19.50651,1206241.63423551,0,8,0,"0.25","Latin America & Caribbean","Lower middle income",12.1475,-0.412458143599135,"Latin America & CaribbeanLower middle income",2227188.41838884,89.5962898051361,99.9806372488551,45.3377061157355,12.1475,NA,3.66867674679642,3.63758615972639,4.0876555740713,-0.948091818657761,NA,-0.935107003673629,7.46963552941578,2.94443897916644,2.49712338729792,-1.38629436111989,2.97074825600932,15.6374419262413,4.62706383118223,4.60444438260636,3.73992653794375
"119","Nepal","np","npl","npl","nep",NA,32.7,62.6,23.7,NA,NA,0.597622477827979,0.574309978768581,714.676470442045,49.5093169861203,100,28.758383673981,27346921,19.60897,5362449.5348137,0,6.11111111111111,0,"0.16","South Asia","Low income",27.6939,NA,"South AsiaLow income",4154273.39635048,49.5093169861203,100,43.41309103218,27.6939,NA,3.48737507790321,3.16547504814109,4.13676527810605,NA,NA,-0.554585995729876,6.57182995139777,2.83972802507741,3.32121217233556,-1.83258146374831,2.97598711460647,17.1241145027984,3.90216087380494,4.60517018598809,3.35892933078609
"120","Oman","om","omn","omn","oma",NA,38.5,28.2,32,NA,NA,0.522636221116365,0.359142346634901,16983.6842635016,110.559865382106,100,4.62178633632877,4079960.7,68.36528,2789276.55644496,0,-8,0,"0.67","Middle East & North Africa","High income",23.6105,NA,"Middle East & North AfricaHigh income",5647996.52706006,132.573044537283,100,21.5776062099336,23.6105,NA,3.65065824129374,3.46573590279973,3.33932197794407,NA,NA,-1.02403646035036,9.7400084129784,1.09861228866811,3.16169152834036,-0.400477566597125,4.22486509341564,15.221597913981,4.70555714241828,4.60517018598809,1.5307812832477
"121","Panama","pa","pan","pan","pan",NA,47.3,60.4,50.3,NA,NA,0.829059380463009,0.762327706156837,10391.7975549108,117.315705986241,88.1402400719493,30.390080119486,3939219.4,49.66159,1956278.98762846,0,9,0,"0.67","Latin America & Caribbean","High income",8.99427,NA,"Latin America & CaribbeanHigh income",1447908.02931425,129.699252935211,82.2143721631927,23.0063533524513,8.99427,NA,3.85651029549789,3.91800507710569,4.10098910494077,NA,NA,-0.271378755171758,9.24877207730145,2.99573227355399,2.19658770791127,-0.400477566597125,3.90523179728796,15.186493139818,4.76486864257206,4.47892918316721,3.41411624330186
"122","Portugal","pt","prt","prt","por",NA,67,73,63.3,-0.3116378,28,0.726707502668058,0.689139855663238,22545.9605702834,79.2745773697421,31.9513495505873,40.0338049830128,10404092.8,65.84307,6850374.10516896,0,10,0,"0.56","Europe & Central Asia","High income",38.7072,-0.323439256502574,"Europe & Central AsiaHigh income",11212229.1272497,125.666702835053,72.8146648171893,37.9526204341935,38.7072,NA,4.20469261939097,4.14788532915013,4.29045944114839,-0.373440126088442,3.3322045101752,-0.372311045020788,10.0233111967465,3.04452243772342,3.65602562924286,-0.579818495252942,4.1872741834713,16.1577098251572,4.37291748921805,3.46421441938649,3.68972422177256
"123","Saudi Arabia","sa","sau","sau","sau",NA,44,38.8,37.5,0.200122,36,0.65151619694352,0.429107648711184,20756.5395772093,74.2468332372324,100,80.6936085219596,31104170.6,68.33639,21255467.3274813,0,-10,0,"0.67","Middle East & North Africa","High income",24.6748,NA,"Middle East & North AfricaHigh income",5647996.52706006,132.573044537283,100,21.5776062099336,24.6748,NA,3.78418963391826,3.62434093297637,3.65842024662923,0.182423218292916,3.58351893845611,-0.846047462134937,9.94061663635369,0,3.20578247991689,-0.400477566597125,4.22444242117718,17.2528524710524,4.30739512676967,4.60517018598809,4.390659371668
"124","Sudan","sd","sdn","sdn","sdn",NA,34.8,46.6,52.8,NA,NA,0.57262228055712,0.538633138345786,1742.77417247734,23.5899914249601,100,50.416970493132,38531723.9,23.58209,9086585.80864951,0,-2,0,"0.59","Sub-Saharan Africa","Lower middle income",15.5932,NA,"Sub-Saharan AfricaLower middle income",5539172.86426922,71.715946540568,100,50.416970493132,15.5932,NA,3.54961738678043,3.96651119071222,3.8416005411316,NA,NA,-0.618720573676343,7.46323347457721,2.19722457733622,2.74683492178869,-0.527632742082372,3.16048752561739,17.4669924573611,3.16082252991634,4.60517018598809,3.92032783453474
"125","Sudan","sd","sdn","sdn","sdn",NA,34.8,46.6,52.8,NA,NA,0.57262228055712,0.538633138345786,1742.77417247734,23.5899914249601,100,50.416970493132,38531723.9,23.58209,9086585.80864951,0,-4,0,"0.59","Sub-Saharan Africa","Lower middle income",15.5932,NA,"Sub-Saharan AfricaLower middle income",5539172.86426922,71.715946540568,100,50.416970493132,15.5932,NA,3.54961738678043,3.96651119071222,3.8416005411316,NA,NA,-0.618720573676343,7.46323347457721,1.94591014905531,2.74683492178869,-0.527632742082372,3.16048752561739,17.4669924573611,3.16082252991634,4.60517018598809,3.92032783453474
"126","Senegal","sn","sen","sen","sen",NA,30.7,68.7,30.3,NA,NA,0.510392825196947,0.467981589169297,1390.86153636775,57.9917417139634,100,46.6420817534929,14421319.1,25.00648,3606264.27647768,0,7,0,"0.14","Sub-Saharan Africa","Lower middle income",14.7247,NA,"Sub-Saharan AfricaLower middle income",5539172.86426922,71.715946540568,100,50.416970493132,14.7247,NA,3.42426265459315,3.41114771251532,4.2297491992283,NA,NA,-0.759326323220147,7.23767864445816,2.89037175789616,2.68952635581568,-1.96611285637283,3.21913499128168,16.4842181627524,4.06030061616681,4.60517018598809,3.842503175555
"127","El Salvador","sv","slv","slv","sal",NA,43.1,35.8,62.8,NA,20,NA,NA,3290.68443064252,76.7055979530669,100,75.6067291781578,6313725,26.02542,1643173.448895,0,8,0,"0.31","Latin America & Caribbean","Lower middle income",13.7034,NA,"Latin America & CaribbeanLower middle income",2227188.41838884,89.5962898051361,99.9806372488551,45.3377061157355,13.7034,NA,3.7635229971097,4.13995507347415,3.57794789340665,NA,2.99573227355399,NA,8.09885085575337,2.94443897916644,2.61764397722619,-1.17118298150295,3.25907375269934,15.6582363931446,4.33997469075644,4.60517018598809,4.3255452895174
"128","El Salvador","sv","slv","slv","sal",NA,43.1,35.8,62.8,NA,49,NA,NA,3290.68443064252,76.7055979530669,100,75.6067291781578,6313725,26.02542,1643173.448895,0,8,0,"0.31","Latin America & Caribbean","Lower middle income",13.7034,NA,"Latin America & CaribbeanLower middle income",2227188.41838884,89.5962898051361,99.9806372488551,45.3377061157355,13.7034,NA,3.7635229971097,4.13995507347415,3.57794789340665,NA,3.89182029811063,NA,8.09885085575337,2.94443897916644,2.61764397722619,-1.17118298150295,3.25907375269934,15.6582363931446,4.33997469075644,4.60517018598809,4.3255452895174
"129","Suriname","sr","sur","sur","sur",NA,45.2,63.6,52.8,0.0067195,NA,NA,NA,8395.33659833323,90.9613941465855,100,0.528296697707403,555799.3,41.07506,228294.89595458,0,5,0,"0.42","Latin America & Caribbean","Upper middle income",5.8232,NA,"Latin America & CaribbeanUpper middle income",14476245.5107971,64.7597737633425,98.7105726094323,32.1854516483542,5.8232,NA,3.81109708683819,3.96651119071222,4.15261347034608,0.00669702478516943,NA,NA,9.03543166380413,2.77258872223978,1.76184993882191,-0.867500567704723,3.71540112466481,13.2281625368439,4.51043517635413,4.60517018598809,-0.638097225621857
"130","Slovakia","sk","svk","svk","slo",NA,68.3,85,71.9,NA,77,0.50574673964396,0.541235562215646,18666.2343486222,178.830834155317,100,39.6889708555517,5422410.8,78.79729,4272712.76306732,0,10,1,"0.91","Europe & Central Asia","High income",48.1484,-0.406245443692046,"Europe & Central AsiaHigh income",11212229.1272497,125.666702835053,72.8146648171893,37.9526204341935,48.1484,NA,4.22390976657674,4.275276264727,4.44265125649032,NA,4.34380542185368,-0.613900674911481,9.83447152088574,3.04452243772342,3.87428790820085,-0.0943106794712413,4.36687860540951,15.5060510715709,5.18644029840462,4.60517018598809,3.68107333689346
"131","Turkmenistan","tm","tkm","tkm","tkm",NA,43.9,39.7,36.4,NA,NA,0.622443169656236,0.574647887323944,6207.13601090318,82.1124979529639,100,72.0557165048898,5514022.6,13.37359,737422.77503134,0,-8.33333333333333,1,"0.41","Europe & Central Asia","Upper middle income",37.9509,NA,"Europe & Central AsiaUpper middle income",12128891.563236,87.8228431958434,99.0585544217182,47.8460001453253,37.9509,NA,3.78191432008113,3.5945687746427,3.68135118769314,NA,NA,-0.553997795631199,8.7334548786761,0.980829253011726,3.63629321897545,-0.891598119283784,2.59328186666418,15.5228049692154,4.40809023328894,4.60517018598809,4.27743966010168
"132","Tanzania","tz","tza","tza","taz",NA,31.1,70.7,18.7,-0.3249802,34,NA,NA,863.10642446436,45.0724850419206,100,44.1973357417024,50903557.2,12.945,6589465.47954,0,0.777777777777778,0,"0.26","Sub-Saharan Africa","Low income",-6.17486,NA,"Sub-Saharan AfricaLow income",1805103.36807685,65.3648696553145,100,51.2090421299291,6.17486,NA,3.43720781918519,2.92852352386054,4.25844557290253,-0.393013255206488,3.52636052461616,NA,6.76053800267417,2.46621451677585,1.82048621019225,-1.34707364796661,2.5607096132035,17.7454433651299,3.80827197256707,4.60517018598809,3.78866450992985
"133","Uganda","ug","uga","uga","uga",NA,35.6,81.4,27.4,-0.2552556,24,0.426448641319221,0.336165078154961,895.142656966603,38.3768930277731,100,71.8168476247471,37909980.5,18.28441,6931616.26554005,0,-1,0,"0.36","Sub-Saharan Africa","Low income",0.314269,NA,"Sub-Saharan AfricaLow income",1805103.36807685,65.3648696553145,100,51.2090421299291,0.314269,NA,3.57234563785798,3.31054301339402,4.39937527300849,-0.294714206718795,3.17805383034795,-1.09015293563662,6.79698309883187,2.30258509299405,-1.15750597192343,-1.02165124753198,2.90604878419533,17.4507249731162,3.64745553440465,4.60517018598809,4.2741190951132
"134","Venezuela","ve","ven","ven","ven",NA,50.3,75.1,63.3,-0.2271175,16,0.505170360990681,0.436150451221923,14297.3714918401,49.7094314587962,99.9824359321007,24.4884076866391,29322390.4,57.85401,16964178.674255,0,0.111111111111111,0,"0.45","Latin America & Caribbean","Upper middle income",9.08165,NA,"Latin America & CaribbeanUpper middle income",14476245.5107971,64.7597737633425,98.7105726094323,32.1854516483542,9.08165,NA,3.91800507710569,4.14788532915013,4.31882055877009,-0.257628247123317,2.77258872223978,-0.829768023546703,9.56783098759311,2.40794560865187,2.20625589416615,-0.798507696217772,4.05792276843701,17.1938619596268,3.90619468288158,4.60499452988247,3.19819984992984
