"","country_name","iso2c","iso3c","wb_code","polity_code","pub_prio_2","gov_epp","gov_biodiversity","gov_climate","tp_gps","tp_hofstede","tp_google_1","tp_google_2","gdp_per","trade","air","agri_share","population","internet_share","internet_user","island","polity2","soviet_hist","education","region","income","latitude","pub_prio_1_ln"
"1","Algeria","dz","dza","dza","alg",-0.09,44.8,39,52.5,0.0598152,26,0.660155479132644,0.668561691946989,4676.1637482616,60.9638214968034,100,17.3846149506243,39403671.5,34.5596,13617751.255714,0,2,0,"0.52","Middle East & North Africa","Upper middle income",36.7397,NA
"2","Argentina","ar","arg","arg","arg",0.66,52.2,49.1,60.2,-0.229308,20,0.88163638360581,0.829156437563912,10412.1547003205,29.6116733627931,97.6938105337842,54.305174707924,42885600.8,63.82968,27373741.7567174,0,8.44444444444444,0,"0.70","Latin America & Caribbean","Upper middle income",-34.6118,-0.689560804928718
"3","Armenia","am","arm","arm","arm",0.32,52.3,79.2,46.7,NA,61,NA,NA,3889.57617080929,78.6546846976358,100,59.3772890097739,2916408.8,50.87059,1483594.36337192,0,5.22222222222222,1,"0.74","Europe & Central Asia","Upper middle income",40.1596,-0.94675713357759
"4","Australia","au","aus","aus","aul",0.84,74.9,83.7,70.4,0.6570038,21,0.995189688853902,0.957711282553125,54796.698420382,42.2545514150953,28.896621397148,51.1962190369309,23666481.1,83.26767,19706527.3829604,0,10,0,"0.85","East Asia & Pacific","High income",-35.282,-0.395621124804485
"5","Azerbaijan","az","aze","aze","aze",0.05,46.5,56.9,48.6,NA,61,0.420728271418952,0.402243749996981,5862.01306736404,80.8713769840217,100,57.6988276266403,9569935.3,69.2,6622395.2276,0,-7,1,"0.61","Europe & Central Asia","Upper middle income",40.3834,-0.569115899639623
"6","Bahrain","bh","bhr","bhr","bah",-0.13,51,18.9,67.1,NA,NA,0.617218036949902,0.533827305513336,21554.8365541101,159.666239579674,100,11.1569408211173,1397238.5,88.62044,1238238.9065494,1,-9.22222222222222,0,"0.63","Middle East & North Africa","High income",26.1921,NA
"7","Belarus","by","blr","blr","blr",0.24,53,61.2,53.1,NA,81,NA,NA,6430.64221490388,130.467651653357,99.9914189960088,42.948454340406,9480852.7,60.12478,5700341.82799906,0,-7,1,"0.88","Europe & Central Asia","Upper middle income",53.9678,-0.738150895676874
"8","Brazil","br","bra","bra","bra",0.87,51.2,78.1,51.7,-0.2600402,44,0.958383509278263,0.931535800933603,11422.4819619044,25.6481725607287,80.3952819675858,33.4184570798219,203530262.1,56.21054,114405459.389825,0,8,0,"0.36","Latin America & Caribbean","Upper middle income",-15.7801,-0.409289204546568
"9","Bulgaria","bg","bgr","bgr","bul",0.58,57,77.7,69.5,NA,69,0.497520554183705,0.430661205383267,7714.66961544578,124.125141597341,99.9474199047193,46.4100167153697,7192142.6,56.72824,4079975.91527024,0,9,1,"0.72","Europe & Central Asia","Upper middle income",42.7105,-0.534448769529427
"10","Burkina Faso","bf","bfa","bfa","bfo",0.28,38.3,77.8,31.9,NA,27,0.848817135549872,0.651296533105995,731.049539637736,58.3948207030783,100,44.1572681704261,17894036.5,10.358503,1853554.3076736,0,2.66666666666667,0,"0.05","Sub-Saharan Africa","Low income",12.3605,NA
"11","Canada","ca","can","can","can",0.95,71,60.5,65.7,0.7184795,36,0.846267504952317,0.779285639667874,49909.4129648136,63.9852492826328,6.26318655585721,6.89773886717796,35658157.1,87.338,31143121.247998,0,10,0,"0.91","North America","High income",45.4215,NA
"12","Chile","cl","chl","chl","chl",0.19,55.3,65.3,54.3,-0.1554083,31,0.776661587431441,0.697068403908791,14376.5905669422,62.4216710615011,98.7739909044389,21.2030446497901,17935698.3,67.85807,12170818.7074028,0,10,0,"0.76","Latin America & Caribbean","High income",-33.475,-0.546250178652054
"13","China","cn","chn","chn","chn",0.6,37.3,19,46.3,0.3981047,87,0.479491215212312,0.502793105289271,6346.84149253536,42.8502424396641,99.9995606536761,55.2110053410317,1368090500,47.50001,649843124.30905,0,-7,0,"0.60","East Asia & Pacific","Upper middle income",40.0495,-0.322890276139053
"14","Colombia","co","col","col","col",0.9,52.9,76.8,55.4,-0.3459323,13,0.53243039395795,0.427382753403933,7297.76888153875,37.2161606832467,97.1988115874499,39.3968411003991,47503042.3,53.36691,25350905.8315029,0,7,0,"0.45","Latin America & Caribbean","Upper middle income",4.60987,-0.355438438335807
"15","Cyprus","cy","cyp","cyp","cyp",0.47,64.8,56.5,63.1,NA,NA,0.560848750807911,0.563130674102854,29593.108678075,130.27888206311,100,12.4512989136195,1156733.4,70.41811,814549.79801874,1,10,0,"0.86","Europe & Central Asia","High income",35.1676,-0.599826634377051
"16","Ecuador","ec","ecu","ecu","ecu",0.37,51,77.3,60.2,NA,NA,0.544795188707095,0.522020407030676,5137.54618175073,52.3147898488321,99.4953097030611,26.902077797764,16133492.9,45.62213,7360443.10437877,0,5,0,"0.61","Latin America & Caribbean","Upper middle income",-0.229498,-0.552707297591611
"17","Egypt","eg","egy","egy","egy",0.41,43.3,50.6,55,-0.3831945,7,0.643178589891559,0.621078182003246,2740.57514838938,41.2959673319793,100,3.72506333084508,91468589.9,36.51195,33396965.8099931,0,-3.55555555555556,0,"0.68","Middle East & North Africa","Lower middle income",30.0982,-1.0039159555091
"18","Estonia","ee","est","est","est",0.55,65.3,87,59,0.0253144,82,0.539786464467621,0.614708879694717,17711.3021753617,153.626776287757,1.79342615551459,22.5387929668445,1321130,83.58774,1104302.709462,0,9,1,"0.89","Europe & Central Asia","High income",59.4392,-0.340841440731877
"19","Ethiopia","et","eth","eth","eti",0.35,34.4,72.2,26.1,NA,NA,0.700517173599408,0.515392781316348,468.770147492001,37.9463550027242,100,36.2188856026786,99612917.2,10.21264,10173108.6271341,0,-2.55555555555556,0,"0.11","Sub-Saharan Africa","Low income",9.02274,-0.761071866080988
"20","Finland","fi","fin","fin","fin",1.06,78.9,75.5,77,0.5995542,38,0.832481676937343,0.849165779611837,47081.415513286,76.0026651131715,0.184024008520883,7.49200855382462,5458496.6,88.36168,4823219.29850288,0,10,0,"0.86","Europe & Central Asia","High income",60.1608,-0.300056049939224
"21","France","fr","fra","fra","frn",0.63,80,88.3,81.9,0.3568711,63,1.06870658432289,0.991744204531462,42097.5615385963,60.8418887010302,91.2432809959952,52.6063491861929,66250340.4,80.53753,53356387.7747521,0,9,0,"0.81","Europe & Central Asia","High income",48.8566,-0.501155588354418
"22","Georgia","ge","geo","geo","grg",0.84,41.3,46.2,50.1,-0.4854279,38,0.352163513959152,0.325963360707517,4116.9154115266,98.4802168744539,100,35.054705006373,3733680.8,48.12099,1796684.16439992,0,6.66666666666667,1,"0.86","Europe & Central Asia","Upper middle income",41.71,-0.341929276084271
"23","Germany","de","deu","deu","gmy",0.36,77.2,88.8,71.5,0.6243982,83,1.31013951192921,1.31880500422515,45132.1788364952,85.6300854369194,95.6494712488583,47.8742671774169,81683670.4,85.00041,69431454.7430487,0,10,0,"0.91","Europe & Central Asia","High income",52.5235,-0.335531945061571
"24","Ghana","gh","gha","gha","gha",0.32,27.6,58.9,29.6,0.084619,4,0.458591198846766,0.347748969584412,1623.84221027603,74.334768329431,100,68.9611873579527,27563347.8,24.45837,6741545.58931086,0,8,0,"0.53","Sub-Saharan Africa","Lower middle income",5.57045,NA
"25","United Kingdom","gb","gbr","gbr","ukg",0.73,81.3,88,90,0.5350247,51,1.07691164478995,1.05229849748968,41577.0525496728,60.5587339435308,77.8440770489003,71.1777194628316,64853738.1,90.81235,58895203.6314553,1,9.33333333333333,0,"0.76","Europe & Central Asia","High income",51.5002,-0.474905306822436
"26","Hungary","hu","hun","hun","hun",0.89,63.7,82,71.3,-0.4309163,58,0.464927507624271,0.44521410579345,14831.0511318294,164.281641483022,100,58.5220368938473,9864219.2,73.71878,7271782.05076576,0,10,1,"0.81","Europe & Central Asia","High income",47.4984,-0.373118232523413
"27","India","in","ind","ind","ind",0.24,27.6,33.7,45,-0.1087328,51,NA,NA,1727.41738670245,46.9122352507702,100,60.4327338649733,1301915891.1,20.86001,271579785.075049,0,9,0,"0.35","South Asia","Lower middle income",28.6353,NA
"28","Indonesia","id","idn","idn","ins",0.73,37.8,56.3,54.4,-0.3618209,62,0.54885294259055,0.443081906773237,3771.87921362683,44.2201554686528,96.2640045656202,31.2751606932897,256521061.1,23.6994,60793952.3543334,1,8.55555555555556,0,"0.56","East Asia & Pacific","Lower middle income",-6.19752,-0.250738557260097
"29","Iran","ir","irn","irn","irn",0.61,48,38.4,55,-0.3807191,14,0.406030277794985,0.260720286500536,6385.75171235598,48.150711389568,100,28.3295092832453,78132939,42.9545,33561613.282755,0,-7,0,"0.62","Middle East & North Africa","Upper middle income",35.6878,-0.377970771399356
"30","Iraq","iq","irq","irq","irq",0.21,39.5,40.5,31.6,-0.4169565,25,0.715946158766807,0.608333965721879,5359.49785861782,75.3037579462826,100,20.4219058299704,34740534.5,26.432,9182618.07904,0,4.66666666666667,0,"0.65","Middle East & North Africa","Upper middle income",33.3302,-0.805337601080269
"31","Japan","jp","jpn","jpn","jpn",0.76,75.1,76.6,69.5,0.1084126,88,1.2279591490805,1.20282628003791,46802.6845718677,33.3231330881285,86.5931092837805,12.4322817904426,127196833.9,85.20917,108383366.432469,1,10,0,"0.89","East Asia & Pacific","High income",35.67,-0.522189382416306
"32","Jordan","jo","jor","jor","jor",0.33,53.4,32.2,58.4,-0.4184762,16,NA,NA,3434.48701830764,102.148372924634,100,11.7347214191493,8911093.1,50.94875,4540090.54578625,0,-3,0,"0.77","Middle East & North Africa","Upper middle income",31.9497,-0.67369475463313
"33","Kazakhstan","kz","kaz","kaz","kzk",0.16,44.7,41.6,44.6,-0.2586553,NA,NA,NA,10436.3506040418,64.8971746158686,93.1796377942139,80.3863119380989,17416006.25,65.60366,11425537.5258288,0,-6,1,"0.65","Europe & Central Asia","Upper middle income",51.1879,-0.677769220347946
"34","Kuwait","kw","kwt","kwt","kuw",0.02,53.6,66,49.7,NA,NA,0.640651389898855,0.46007135251677,36569.2551441659,98.662204973538,100,8.51050189276508,3691907.4,80.12892,2958285.52702008,0,-7,0,"0.76","Middle East & North Africa","High income",29.3721,NA
"35","Kyrgyzstan","kg","kgz","kgz","kyr",0.12,39.8,39.2,42.5,NA,66,NA,NA,1003.89611620442,118.760474455733,98.9553184570685,55.1344406375689,5913910,28.6147,1692247.60477,0,6.88888888888889,1,"0.69","Europe & Central Asia","Lower middle income",42.8851,-0.398802858282748
"36","Lebanon","lb","lbn","lbn","leb",0.05,45.4,21.8,56.8,NA,NA,0.701405151786439,0.533644859813082,6740.45344245755,82.3593642633568,100,63.9715123586091,6163137.9,68.50822,4222256.07143538,0,6,0,"0.75","Middle East & North Africa","Upper middle income",33.8872,-0.963378767973057
"37","Malaysia","my","mys","mys","mal",0.45,47.9,55.1,52.8,NA,41,0.750447926258775,0.66097644084411,10725.2638794911,138.661228580012,94.1423691075761,24.3904470417228,30080173.6,69.92307,21032980.8424495,0,5.66666666666667,0,"0.49","East Asia & Pacific","Upper middle income",3.12433,-0.455075608661499
"38","Mali","ml","mli","mli","mli",0.28,29.4,59.6,26.3,NA,20,0.619231190415135,0.463146763187356,730.99063248612,60.0044098940024,100,33.8538611668206,17257984.9,7.79422,1345125.31067278,0,4.88888888888889,0,"0.08","Sub-Saharan Africa","Low income",13.5667,NA
"39","Mexico","mx","mex","mex","mex",0.87,52.6,72.9,65.2,-0.1084281,24,0.634340354206101,0.619140307318426,9913.36642688711,70.1433113638608,99.8150951421986,54.8656821714256,120998015.5,51.24924,62010563.3588322,0,8,0,"0.36","Latin America & Caribbean","Upper middle income",19.427,-0.571140273787377
"40","Moldova","md","mda","mda","mld",0.49,44.4,27.9,52.2,0.1950139,71,NA,NA,2996.60962611159,90.7567073080115,100,74.7823354635871,2805196.4,60.90435,1708486.6336434,0,9,1,"0.88","Europe & Central Asia","Lower middle income",47.0167,NA
"41","Morocco","ma","mar","mar","mor",0.35,42.3,67.4,48.7,-0.3107253,14,0.476121665598874,0.473809892745052,3149.39979382743,82.2767374896695,100,68.135175430524,34414727.7,58.26172,20050612.2913364,0,-4.22222222222222,0,"0.37","Middle East & North Africa","Lower middle income",33.9905,NA
"42","Netherlands","nl","nld","nld","nth",0.67,75.3,83.7,65.8,0.9517078,67,1.11484842775971,1.10956227229313,52382.0335251603,150.061647150526,99.8388107850437,54.6435471893191,16939887.7,92.39562,15651714.2677187,0,10,0,"0.89","Europe & Central Asia","High income",52.3738,-0.429423079063327
"43","New Zealand","nz","nzl","nzl","new",0.74,71.3,84,61.5,NA,33,0.877199027632926,0.866604240773467,36376.1862365773,55.8218691652115,3.14014421144122,42.1563938164277,4593540,86.07409,3953847.753786,1,10,0,"0.85","East Asia & Pacific","High income",-41.2865,-0.349112171557033
"44","Nigeria","ng","nga","nga","nig",0.02,31,53.6,50.8,-0.2004194,13,0.650947228665662,0.506490991681652,2415.59695387146,33.8499617976841,100,77.8305327203512,179151709.3,26.917,48222265.592281,0,5.33333333333333,0,"0.46","Sub-Saharan Africa","Lower middle income",9.05804,-0.882940752192601
"45","Norway","no","nor","nor","nor",0.86,77.7,71.5,78.9,NA,35,0.775188806459085,0.79500246617182,89778.2138042786,69.3534849632176,7.09737767731964,2.71545555761108,5143767.4,95.78412,4926912.33893688,0,10,0,"0.94","Europe & Central Asia","High income",59.9138,-0.336838939962323
"46","Pakistan","pk","pak","pak","pak",-0.15,33.1,46.1,50.6,-0.083108,50,NA,NA,1080.65749208187,30.1144448218505,100,46.8516500622665,197634773.4,12.43363,24573176.4758944,0,6.66666666666667,0,"0.28","South Asia","Lower middle income",30.5167,-0.843559538276596
"47","Peru","pe","per","per","per",0.64,44,59.5,41.3,-0.1089299,25,0.572294481833956,0.503289473684212,5963.19487373751,49.1022004156786,99.9880387201368,18.7090512956892,30500389.8,43.59127,13295507.2687705,0,9,0,"0.38","Latin America & Caribbean","Upper middle income",-12.0931,-0.510326746230076
"48","Philippines","ph","phl","phl","phi",0.57,38.4,56.6,42.8,0.0991128,27,0.336129808125093,0.263315828957239,2716.53112406406,62.7891406021453,98.9183070529531,41.4672358529889,101185309.5,44.25703,44781612.7810079,1,8,0,"0.63","East Asia & Pacific","Lower middle income",14.5515,-0.383887507463617
"49","Poland","pl","pol","pol","pol",0.69,60.9,89,65.4,0.0716723,38,0.512509949135216,0.51267938521724,14629.2800547785,95.6026518421747,99.9882756126576,47.2757154344768,38009809.3,69.53705,26430900.0978456,0,10,1,"0.84","Europe & Central Asia","High income",52.26,-0.772066292609655
"50","Qatar","qa","qat","qat","qat",0.56,37.1,41.3,12.1,NA,NA,0.500040107952346,0.375488757900719,66533.9160460933,94.886373889196,100,5.77027189551178,2444259.6,86.87939,2123557.83049644,0,-10,0,"0.67","Middle East & North Africa","High income",25.2948,NA
"51","Romania","ro","rou","rou","rum",0.68,64.7,85,84.6,-0.268151,52,0.41795908737468,0.393184796854521,9801.4965497067,82.2396485117903,99.1020295762379,60.2200374398566,19827936.8,55.30178,10965201.987675,0,9,1,"0.69","Europe & Central Asia","Upper middle income",44.4479,-0.779364591648399
"52","Russia","ru","rus","rus","rus",0.24,50.5,54.1,59.9,-0.0752779,81,0.480644717419807,0.495642083741444,11481.2189079749,48.2591989443676,93.6689748112787,13.1976853199491,143812615.9,67.69964,97360623.2388828,0,4,1,"0.87","Europe & Central Asia","Upper middle income",55.7558,-0.666548142419607
"53","Rwanda","rw","rwa","rwa","rwa",0.13,33.8,57.4,35.9,-0.6060302,18,0.445419965503581,0.336187906083734,744.96604702787,46.5479482754562,100,73.6087200658062,11272524,14.592665,1644961.6643646,0,-3.33333333333333,0,"0.15","Sub-Saharan Africa","Low income",-1.95325,NA
"54","Serbia","rs","srb","srb","ser",0.32,55.2,57.4,68.1,-0.1378207,52,NA,NA,6287.3120860898,94.9523166718974,100,39.8851719969946,7112146.2,60.02076,4268764.20155112,0,8,0,"0.90","Europe & Central Asia","Upper middle income",44.8024,-0.795261692903924
"55","Montenegro","me","mne","mne","mnt",0.32,46.3,36.6,65.6,NA,NA,0.551295744033005,0.487234561487194,7375.62947058725,105.114194688543,100,26.3181094647213,621432.4,60.55278,376294.59402072,0,9,0,"0.90","Europe & Central Asia","Upper middle income",42.4602,-0.419665237487279
"56","Singapore","sg","sgp","sgp","sin",0.06,58.1,20.9,40.2,NA,72,0.771579758735992,0.758815433423672,53570.2886388256,344.102729741699,100,0.980769908132735,5453852.6,79.8961,4357415.5271486,1,-2,0,"0.75","East Asia & Pacific","High income",1.28941,NA
"57","Slovenia","si","svn","svn","slv",0.99,72,86.4,75.2,NA,NA,0.629247665841478,0.634261129572892,24452.4836461067,146.88235331974,99.7780766318105,30.6042643681928,2063731.9,74.02966,1527773.70888154,0,10,0,"0.92","Europe & Central Asia","High income",46.0546,-0.37051807803093
"58","South Africa","za","zaf","zaf","saf",-0.1,43.1,63.2,62.8,0.057912,34,0.875253825866753,0.730885086110845,7471.9440296761,60.4581602306075,100,79.7809136761729,54921873.2,46.88913,25752388.5231832,0,9,0,"0.59","Sub-Saharan Africa","Upper middle income",-25.746,NA
"59","South Korea","kr","kor","kor","rok",0.26,66.5,62.6,62.6,0.3692498,100,0.560752767501416,0.531803018270523,25849.0431187664,87.6833301149256,100,18.0062064727547,50777654.7,89.37242,45381218.8246337,0,8,0,"0.88","East Asia & Pacific","High income",37.5323,-0.553804730605117
"60","Spain","es","esp","esp","spn",0.67,74.3,87.6,71.2,0.1984738,48,0.676467843399922,0.650684684306488,30884.4187322367,62.7455546885597,58.0957695431411,53.6193128667965,46659024.1,77.1204,35983626.0220164,0,10,0,"0.58","Europe & Central Asia","High income",40.4167,-0.441832752279039
"61","Sweden","se","swe","swe","swd",0.73,78.7,72.5,77.2,1.071452,53,0.803597935056344,0.792918596709743,55507.3308208858,84.9666145887982,3.96811331323044,7.47259240119469,9788383.8,92.56599,9060714.36946962,0,10,0,"0.85","Europe & Central Asia","High income",59.3327,-0.118328083906646
"62","Switzerland","ch","che","che","swz",1.13,81.5,63,81.6,0.6697421,74,1.20315459476427,1.16355309581056,76643.54664294,120.376911831484,76.9959043808809,38.5976736085326,8220889.8,87.71651,7211077.62350598,0,10,0,"0.91","Europe & Central Asia","High income",46.948,-0.262871321015159
"63","Taiwan","tw","twn","twn","taw",0.65,57.2,65,63.1,NA,93,0.78076490401893,0.75512106518156,22204.381799709,NA,NA,NA,23430529.7,NA,NA,1,10,0,"0.93","2","High income",25.105497,-0.439821231074133
"64","Thailand","th","tha","tha","thi",0.38,45.4,53,52.5,-0.2297256,32,0.477416238295771,0.348342690316903,5742.12762320283,126.556638651978,100,42.6203012669766,68508240.4,39.95428,27371974.1924891,0,1.11111111111111,0,"0.60","East Asia & Pacific","Upper middle income",13.7308,-0.614282014102601
"65","Trinidad & Tobago","tt","tto","tto","tri",0.64,47.5,67.8,42.1,NA,13,0.622777682159486,0.560630186431785,16145.0790206429,NA,100,10.5263157894737,1364197.9,66.65899,909360.54174121,1,10,0,"0.72","Latin America & Caribbean","High income",10.6596,NA
"66","Tunisia","tn","tun","tun","tun",-0.52,46.7,37.1,60.2,NA,NA,NA,NA,4260.53907119846,102.043952804077,100,64.5450198617037,11141753.9,49.84832,5553977.13768448,0,5.11111111111111,0,"0.58","Middle East & North Africa","Lower middle income",36.7899,-1.00613143587394
"67","Turkey","tr","tur","tur","tur",0.43,42.6,15.1,49.3,-0.0473989,46,0.646141422995735,0.574218750000001,13428.2953375006,53.9532212599009,100,50.0283067373747,77878670.2,54.71025,42607615.1630955,0,3.11111111111111,0,"0.72","Europe & Central Asia","Upper middle income",39.7153,-0.548781678208525
"68","Ukraine","ua","ukr","ukr","ukr",0.25,49.5,37.7,69.2,-0.1816658,86,NA,NA,3059.34798072883,101.065485058116,100,71.4905774525395,45192949.1,45.30215,20473377.5907056,0,4.88888888888889,1,"0.89","Europe & Central Asia","Lower middle income",50.4536,-0.668798151549659
"69","United States","us","usa","usa","usa",0.42,69.3,67.5,71.4,0.8112621,26,0.888282455865887,0.802612838632909,51712.439404388,28.470881455883,20.1590098644212,44.4658429449428,319249329,78.24164,249785910.698596,0,9.33333333333333,0,"0.89","North America","High income",38.8895,-0.524359993209944
"70","Uruguay","uy","ury","ury","uru",0.74,49.1,25,55.5,NA,26,0.731372161789353,0.72586519702732,13673.8934306406,46.6237427895876,49.3224579443509,82.4402099581476,3408087.6,61.58883,2099001.27821508,0,10,0,"0.44","Latin America & Caribbean","High income",-34.8941,NA
"71","Uzbekistan","uz","uzb","uzb","uzb",0.83,44.3,37.6,65.9,NA,NA,0.497603506311605,0.422861710631494,2060.2121144225,45.8275949533744,100,62.8416952112298,31074935,36.69066,11401598.746071,0,-9,1,"0.80","Europe & Central Asia","Lower middle income",41.3052,NA
"72","Vietnam","vn","vnm","vnm","vie",0.47,33.4,33.3,30.7,0.1104997,57,0.384333968312498,0.445066251418821,1655.1660316237,178.885978392393,100,36.7072867546614,92202470.9,47.72096,43999904.2572006,0,-7,0,"0.52","East Asia & Pacific","Lower middle income",21.0069,-0.311239611140488
"73","Zambia","zm","zmb","zmb","zam",-0.05,34.7,90.4,26.5,NA,30,0.559378430995406,0.431554455487582,1615.69478375634,74.8954997222351,100,31.9294044848599,15672996.3,17.23274,2700886.70258862,0,6.66666666666667,0,"0.48","Sub-Saharan Africa","Lower middle income",-15.3982,NA
"74","Zimbabwe","zw","zwe","zwe","zim",0.01,37,87,37,-0.2385872,15,0.53410259779543,0.40382914249143,1190.70012422983,63.1203171483401,100,41.9505530013478,13681045.7,18.5694,2540488.1002158,0,3,0,"0.33","Sub-Saharan Africa","Lower middle income",-17.8312,-0.613937459190301
"75","Afghanistan","af","afg","afg","afg",NA,25.5,21.9,22.2,-0.2013601,NA,0.50751881213788,0.364220292100512,567.40472208425,NA,100,58.067798390379,33741195,8.731455,2946097.25788725,0,-1,0,"0.25","South Asia","Low income",34.5228,NA
"76","Angola","ao","ago","ago","ang",NA,29.7,39.3,49,NA,NA,0.491805638540658,0.325641017879266,3558.99994521855,76.579488922292,100,47.3398343054235,27482106.7,11.11173,3053737.49481591,0,-2,0,"0.35","Sub-Saharan Africa","Lower middle income",-8.81155,NA
"77","Albania","al","alb","alb","alb",NA,49,68.2,56.8,NA,61,NA,NA,4567.75656679606,76.4106267170946,99.9999999999911,43.3847246378879,2885364.1,60.89092,1756924.74583972,0,9,0,"0.49","Europe & Central Asia","Upper middle income",41.3317,-0.590568307863996
"78","United Arab Emirates","ae","are","are","uae",NA,55.6,80.9,38.9,-0.0913187,NA,0.552271915575829,0.456838873774812,38491.9944333109,164.119926692011,100,5.47330725647186,9256301.7,88.29199,8172572.97133383,0,-8,0,"0.72","Middle East & North Africa","High income",24.4764,NA
"79","Austria","at","aut","aut","aus",NA,79.6,85.5,71.3,0.608285,60,1.11943623006162,1.09997817815485,48448.0787574269,104.108893168934,93.2768525695586,33.0414291975955,8610573.8,82.72167,7122810.44394246,0,10,0,"0.84","Europe & Central Asia","High income",48.2201,-0.436213110733756
"80","Burundi","bi","bdi","bdi","bui",NA,27,52.3,16.8,NA,NA,NA,NA,227.862543363949,39.4307520948449,100,76.6633288829551,10044559.2,2.399632,241032.456822144,0,2.88888888888889,0,"0.11","Sub-Saharan Africa","Low income",-3.3784,NA
"81","Belgium","be","bel","bel","bel",NA,73.3,87.4,70.2,NA,82,1.11521354888433,1.08074676260066,45444.5274610254,159.537115300096,95.9264858225667,44.2064540479336,11230113.1,84.27749,9464457.44484119,0,8,0,"0.85","Europe & Central Asia","High income",50.8371,NA
"82","Benin","bj","ben","ben","ben",NA,30,67,30.7,NA,NA,0.741438623702337,0.572264432997571,1127.67300406535,57.6598981623584,100,32.521664217301,10459018.9,10.592732,1107895.84190635,0,7,0,"0.16","Sub-Saharan Africa","Low income",6.4779,NA
"83","Bangladesh","bd","bgd","bgd","bng",NA,29,46.8,35.6,0.0811367,47,NA,NA,1001.04029370748,41.4493583662613,100,70.2953831750925,155344176.7,10.905,16940282.469135,0,1.88888888888889,0,"0.22","South Asia","Lower middle income",23.7055,-0.741141905207123
"84","Bolivia","bo","bol","bol","bol",NA,44.3,83.6,40,0.0713311,NA,NA,NA,2297.79974187639,70.3981963848567,99.9995437886932,34.7496406482837,10784875.2,36.60867,3948199.37187984,0,7,0,"0.45","Latin America & Caribbean","Lower middle income",-13.9908,-0.293428243408737
"85","Bhutan","bt","btn","btn","bhu",NA,39.3,87.2,24.7,NA,NA,NA,NA,2755.43933203239,97.9490941511392,100,13.67456050839,723731.7,32.21918,233180.41914006,0,4.55555555555556,0,"0.12","South Asia","Lower middle income",27.5768,NA
"86","Botswana","bw","bwa","bwa","bot",NA,40.4,91.6,37.9,0.2339903,NA,0.374581348177338,0.326854358962995,7501.41578638596,97.7456275584739,100,45.6950271655563,2123681.9,31.54198,669851.32016162,0,8,0,"0.37","Sub-Saharan Africa","Upper middle income",-24.6544,NA
"87","Central African Republic","cf","caf","caf","cen",NA,36.9,84.7,45.4,NA,NA,NA,NA,403.30476417419,48.6278043290762,100,8.15435487495586,4519238.3,3.501775,158253.556979825,0,1.66666666666667,0,"0.16","Sub-Saharan Africa","Low income",5.63056,NA
"88","Côte d’Ivoire","ci","civ","civ","ivo",NA,25.8,62,20.2,NA,NA,0.668917363483082,0.572637707661416,1423.7454966889,67.3801383531651,100,64.7798742138365,23011608,24.86394,5721592.4061552,0,3.55555555555556,0,"0.21","Sub-Saharan Africa","Lower middle income",5.332,NA
"89","Côte d’Ivoire","ci","civ","civ","ivo",NA,25.8,62,20.2,NA,NA,0.668917363483082,0.572637707661416,1423.7454966889,67.3801383531651,100,64.7798742138365,23011608,24.86394,5721592.4061552,0,3.55555555555556,0,"0.21","Sub-Saharan Africa","Lower middle income",5.332,NA
"90","Cameroon","cm","cmr","cmr","cao",NA,33.6,48.6,66.4,-0.4274942,NA,0.636891349115918,0.526472188915666,1409.09235642312,49.5260335562997,100,20.6106431910836,23037562,15.6507,3605539.715934,0,-4,0,"0.37","Sub-Saharan Africa","Lower middle income",3.8721,NA
"91","Congo - Kinshasa","cd","cod","cod","zai",NA,36.4,73.3,40.1,NA,NA,0.848943772875762,0.751841382444635,387.931090601914,72.5465998548694,100,11.5193753997486,75275710.1,4.466963,3362538.11815426,0,2.33333333333333,0,"0.50","Sub-Saharan Africa","Low income",-4.325,NA
"92","Congo - Brazzaville","cg","cog","cog","con",NA,30.8,71.7,37.1,NA,NA,NA,NA,2866.48871968731,115.126107033145,100,31.0738339259569,4811117.5,7.210462,346903.79911285,0,-4,0,"0.60","Sub-Saharan Africa","Lower middle income",-4.2767,NA
"93","Comoros","km","com","com","com",NA,32.1,36.3,41.7,NA,NA,NA,NA,1365.63937784036,39.9113049185257,100,71.466950907041,769114.3,7.088729,54520.428427247,1,7.66666666666667,0,"0.40","Sub-Saharan Africa","Lower middle income",-11.6986,NA
"94","Cape Verde","cv","cpv","cpv","cap",NA,32.8,14.3,39.5,NA,NA,NA,NA,3539.08794103153,104.600048549766,100,19.8865650478554,521385,44.10077,229934.7996645,1,10,0,"0.25","Sub-Saharan Africa","Lower middle income",14.9218,NA
"95","Costa Rica","cr","cri","cri","cos",NA,52.5,70.1,54.8,-0.1630673,NA,0.89086214102625,0.871305797436129,9149.01280495626,66.3455525015303,99.9232307563513,35.1577974807956,4818007.2,57.44958,2767924.90076976,0,10,0,"0.47","Latin America & Caribbean","Upper middle income",9.63701,NA
"96","Cuba","cu","cub","cub","cub",NA,48.4,51.1,64.2,NA,NA,0.701883778277539,0.58934730809963,6298.08936428991,36.5457907742666,99.9999999999811,60.2728848998263,11297999.5,36.65344,4141105.4679328,1,-6.77777777777778,0,"0.72","Latin America & Caribbean","Upper middle income",23.1333,NA
"97","Czechia","cz","cze","cze","czr",NA,71,85.7,76.3,0.3843513,70,0.609547586551118,0.627162337204778,21571.4556108268,146.347210579512,99.8632268469112,49.4056205150817,10552736.8,75.35064,7951554.71631552,0,9,1,"0.91","Europe & Central Asia","High income",50.0878,-0.475592777479723
"98","Djibouti","dj","dji","dji","dji",NA,28.1,23,40.1,NA,NA,NA,NA,1343.26872994437,285.666673065199,100,73.4229013656227,906367.9,23.407873,212161.446944767,0,2.66666666666667,0,"0.30","Middle East & North Africa","Lower middle income",11.5806,NA
"99","Denmark","dk","dnk","dnk","den",NA,82.5,81.7,95,NA,35,0.841076933071003,0.840477460688405,60891.9051819362,102.709882412876,78.9137737477906,62.388571997551,5675689.6,94.74981,5377705.11218976,0,10,0,"0.90","Europe & Central Asia","High income",55.6763,-0.286458558590234
"100","Dominican Republic","do","dom","dom","dom",NA,46.3,81.6,56.1,NA,13,0.397301459580591,0.378748294657147,6587.97622734003,54.2605700927702,99.9730620599704,48.9517106780613,10221132.1,54.25065,5545030.60160865,1,7.66666666666667,0,"0.44","Latin America & Caribbean","Upper middle income",18.479,NA
"101","Eritrea","er","eri","eri","eri",NA,30.4,33.7,43.4,NA,NA,NA,NA,519.423500778277,42.4326277877188,100,75.1683168316832,3192203.5,1.018758,32520.82853253,0,-7,0,"0.20","Sub-Saharan Africa","Low income",15.3315,NA
"102","Fiji","fj","fji","fji","fji",NA,34.4,25.1,36.9,NA,NA,0.438532561201917,0.363947292587664,4227.80834588687,111.875484593662,97.0587687226155,23.2621784345922,871231.8,39.32486,342610.68562548,1,-0.666666666666667,0,"0.69","East Asia & Pacific","Upper middle income",-18.1149,NA
"103","Gabon","ga","gab","gab","gab",NA,45.8,86,63.8,NA,NA,0.637878644131934,0.522443503797177,9253.11238244435,79.9604796339556,100,20.0256141576435,1907156.4,40.3446,769434.6209544,0,3,0,"0.62","Sub-Saharan Africa","Upper middle income",0.38832,NA
"104","Guinea","gn","gin","gin","gui",NA,26.4,59.9,26.8,NA,NA,NA,NA,780.665406778831,85.5737109478581,100,58.7195646612869,11373209.5,8.9,1012215.6455,0,3,0,"0.17","Sub-Saharan Africa","Low income",9.51667,NA
"105","Gambia","gm","gmb","gmb","gam",NA,27.9,32.6,35.8,NA,NA,NA,NA,780.923592117879,50.5999031027326,100,60.0649350649351,2061080.8,15.6589,322742.5813912,0,-3,0,"0.29","Sub-Saharan Africa","Low income",13.4495,NA
"106","Guinea-Bissau","gw","gnb","gnb","gnb",NA,29.1,72.2,33.6,NA,NA,NA,NA,587.403269010254,53.6838003656956,100,57.9658605974395,1717427.9,3.352964,57584.739212956,0,4.88888888888889,0,"0.14","Sub-Saharan Africa","Low income",11.8037,NA
"107","Equatorial Guinea","gq","gnq","gnq","eqg",NA,38.1,66,46.1,NA,NA,NA,NA,14311.3597369492,109.279644262334,100,10.1757066462949,1147108,19.05232,218550.6869056,0,-6,0,"0.80","Sub-Saharan Africa","Upper middle income",3.7523,NA
"108","Greece","gr","grc","grc","grc",NA,69.1,72.6,66.5,-0.3600854,45,0.63849248318348,0.609500805152978,23496.6474963785,64.096049165541,99.999999999954,53.0389005873878,10892961.2,62.92919,6854852.25017428,0,10,0,"0.83","Europe & Central Asia","High income",37.9792,-0.525729974501308
"109","Guatemala","gt","gtm","gtm","gua",NA,31.8,41.3,36.7,-0.2572554,NA,NA,NA,3154.89605105024,53.4264554319701,100,35.8454115440488,15434694.4,34.02152,5251117.64223488,0,8,0,"0.21","Latin America & Caribbean","Upper middle income",14.6248,-0.380844023717816
"110","Guyana","gy","guy","guy","guy",NA,35.9,51,38.2,NA,NA,NA,NA,5307.91811278431,NA,99.997190081733,8.55183424652564,765531.7,33.50374,256481.75038558,0,6.44444444444444,0,"0.51","Latin America & Caribbean","Upper middle income",6.80461,NA
"111","Honduras","hn","hnd","hnd","hon",NA,37.8,59.9,43.1,NA,NA,0.515588563021139,0.427563889810819,2066.7754970711,109.067857911374,99.9955592117444,28.8995569628334,9033930.5,23.369,2111139.218545,0,6.77777777777778,0,"0.20","Latin America & Caribbean","Lower middle income",15.1333,NA
"112","Croatia","hr","hrv","hrv","cro",NA,63.1,82.6,70,-0.0937135,58,0.553517690052734,0.555440513874141,14561.0311861865,89.4591504179305,99.9450380509316,25.9077915287866,4199551.2,67.29628,2826141.73429536,0,9,0,"0.78","Europe & Central Asia","High income",45.8069,-0.52255084229288
"113","Haiti","ht","hti","hti","hai",NA,27,34.5,37,-0.3756559,NA,0.548449788861417,0.44912281832936,1243.40055551186,43.4643968380101,100,66.5042504665146,10615438.4,15.08736,1601589.40698624,1,1.66666666666667,0,"0.22","Latin America & Caribbean","Low income",18.5392,NA
"114","Ireland","ie","irl","irl","ire",NA,72.8,65.8,66.6,NA,24,0.837811166241452,0.836968836359045,60833.6743634069,207.21289510381,21.3028375554733,65.2696845903407,4709476.8,80.50639,3791429.75956752,1,10,0,"0.79","Europe & Central Asia","High income",53.3441,NA
"115","Israel","il","isr","isr","isr",NA,65.8,47.6,56.9,0.4568054,38,0.68436225999095,0.673950889757931,33040.2717280316,62.9481297068581,100,24.2381835002713,8315060,75.93975,6314435.77635,0,6,0,"0.71","Middle East & North Africa","High income",31.7717,NA
"116","Italy","it","ita","ita","ita",NA,71,75.6,68.1,0.1084882,61,0.913160591816186,0.879613968547903,34953.0488262349,56.3690757233847,96.8081457279339,45.8301680512013,60183361.6,60.93155,36670655.0649848,0,10,0,"0.72","Europe & Central Asia","High income",41.8955,-0.383220477156433
"117","Jamaica","jm","jam","jam","jam",NA,48.2,58.2,65.7,NA,NA,0.330098447072784,0.310831311325751,4756.22797554151,82.8987388207486,99.9999999999893,40.9972299168975,2881361.2,42.82057,1233815.28959884,1,9,0,"0.69","Latin America & Caribbean","Upper middle income",17.9927,NA
"118","Kenya","ke","ken","ken","ken",NA,34.7,53.5,49,-0.0762227,NA,NA,NA,1084.61068787615,46.5696398319324,100,48.4942193484907,47289069.1,14.74072,6970749.26663752,0,8.66666666666667,0,"0.47","Sub-Saharan Africa","Lower middle income",-1.27975,NA
"119","Cambodia","kh","khm","khm","cam",NA,33.6,60.1,30.9,-0.119899,NA,0.575027283394938,0.519213242620818,1009.45542157556,123.549872437382,100,30.9030138227963,15396840.7,18.137859,2792657.25662061,0,0.666666666666667,0,"0.15","East Asia & Pacific","Lower middle income",11.5556,NA
"120","Laos","la","lao","lao","lao",NA,34.8,69.7,30.7,NA,NA,0.479608766833879,0.35864390767023,1496.83678498057,90.3904653889665,100,10.0504456548651,6699332.9,17.01089,1139616.15035281,0,-7,0,"0.19","East Asia & Pacific","Lower middle income",18.5826,NA
"121","Liberia","lr","lbr","lbr","lbr",NA,22.6,32.6,24.9,NA,NA,NA,NA,552.495265484291,123.664912706984,100,27.9944826767916,4416989.4,8.028255,354607.17235497,0,6.11111111111111,0,"0.40","Sub-Saharan Africa","Low income",6.30039,NA
"122","Sri Lanka","lk","lka","lka","sri",NA,39,61.1,31,-0.1009262,NA,NA,NA,3521.15475062973,50.8029150493411,89.3251725123682,43.2831400779096,20953840.7,22.38253,4689999.68082971,1,4.33333333333333,0,"0.60","South Asia","Upper middle income",6.92148,NA
"123","Lesotho","ls","lso","lso","les",NA,28,22.5,52.4,NA,NA,NA,NA,1315.17765789531,137.646755453945,100,75.4456060385494,2054514.8,19.722,405191.408856,0,8,0,"0.30","Sub-Saharan Africa","Lower middle income",-29.5208,NA
"124","Lithuania","lt","ltu","ltu","lit",NA,62.9,87.5,65.9,-0.0617425,82,0.449471756959106,0.403701165181632,15260.0409036177,144.899816698155,99.0354355032429,46.1063840983986,2919315.7,71.82473,2096790.61937261,0,10,1,"0.95","Europe & Central Asia","High income",54.6896,-1.03267138324781
"125","Luxembourg","lu","lux","lux","lux",NA,82.3,85.5,77.5,NA,64,1.19201788366423,1.13383337260193,107103.244819726,369.124309321106,84.4489811603307,53.9323935713367,563172.5,94.70486,533351.7276835,0,10,0,"0.86","Europe & Central Asia","High income",49.61,NA
"126","Latvia","lv","lva","lva","lat",NA,61.6,86.7,67.7,NA,69,NA,NA,14177.6590137503,121.730611632499,95.0869658719556,29.9220562918661,1991728.7,77.12238,1536068.57658306,0,8,1,"0.91","Europe & Central Asia","High income",56.9465,NA
"127","Madagascar","mg","mdg","mdg","mag",NA,26.5,25,39.9,NA,NA,0.55064188349456,0.448533224218923,475.681628634648,59.5128645018641,100,71.1816085552554,23972407.1,5.088763,1219898.98271417,1,4.33333333333333,0,"0.33","Sub-Saharan Africa","Low income",-20.4667,NA
"128","North Macedonia","mk","mkd","mkd","mac",NA,55.4,62.1,75.2,NA,NA,NA,NA,5020.95636270011,116.674652877868,100,48.4422793701144,2077983.4,67.47393,1402097.06472762,0,9,0,"0.75","Europe & Central Asia","Upper middle income",42.0024,-0.553339616706186
"129","Myanmar (Burma)","mm","mmr","mmr","mya",NA,25.1,31,22.2,NA,NA,0.360416958583853,0.260267430754536,1293.03151225531,41.7975212136013,100,19.3264808710638,52400073.7,16.35837,8571797.93611869,0,0.888888888888889,0,"0.19","East Asia & Pacific","Lower middle income",21.914,-0.665996191493994
"130","Mongolia","mn","mng","mng","mon",NA,32.2,73.1,16.6,NA,75,0.329377321606289,0.22701893877894,3691.27667605674,110.141118955592,97.6136471763323,72.7088473696818,2970080.9,22.00168,653467.69535912,0,10,0,"0.28","East Asia & Pacific","Lower middle income",47.9129,NA
"131","Mozambique","mz","moz","moz","mzm",NA,33.9,67.4,31.1,NA,NA,0.635938512602447,0.58845029239766,551.032795049831,101.037567434425,100,63.5189094330985,26781154.6,9.545495,2556393.77328527,0,5,0,"0.12","Sub-Saharan Africa","Low income",-25.9664,NA
"132","Mauritania","mr","mrt","mrt","maa",NA,27.7,19.2,32.6,NA,NA,NA,NA,1687.00378292908,94.8674674395695,100,38.5143245228624,3996921.1,12.60021,503620.45213431,0,-2,0,"0.33","Sub-Saharan Africa","Lower middle income",18.2367,NA
"133","Mauritius","mu","mus","mus","mas",NA,45.1,19.3,51,NA,NA,0.418585240039928,0.399421173984052,9388.57276263363,105.612400529901,100,42.9978888106967,1259997.8,46.395,584575.97931,1,10,0,"0.55","Sub-Saharan Africa","Upper middle income",-20.1605,NA
"134","Malawi","mw","mwi","mwi","maw",NA,38.3,84.2,34.2,-0.0455874,NA,NA,NA,501.583297708893,66.9652229071944,100,60.8597490757016,16541945.2,7.89372,1305774.83664144,0,6,0,"0.31","Sub-Saharan Africa","Low income",-13.9899,NA
"135","Namibia","na","nam","nam","nam",NA,40.2,76.6,55.4,NA,NA,0.633131929075212,0.536652131800376,5861.19800355588,95.6049443069926,100,47.1389182426605,2299563.2,27.50026,632385.85886432,0,6,0,"0.42","Sub-Saharan Africa","Upper middle income",-22.5648,NA
"136","Niger","ne","ner","ner","nir",NA,30.8,77.6,12.5,NA,NA,NA,NA,517.0920853259,43.4058549915347,100,35.6352276443853,19726502.5,3.270294,645114.62766735,0,5.33333333333333,0,"0.04","Sub-Saharan Africa","Low income",13.514,NA
"137","Nicaragua","ni","nic","nic","nic",NA,39.2,59.6,38,-0.6125203,NA,0.46447087813486,0.392543859649124,1753.96729957716,102.213506971247,99.9274459949826,42.0948976736672,6183790.1,19.50651,1206241.63423551,0,8,0,"0.25","Latin America & Caribbean","Lower middle income",12.1475,-0.412458143599135
"138","Nepal","np","npl","npl","nep",NA,32.7,62.6,23.7,NA,NA,0.597622477827979,0.574309978768581,714.676470442045,49.5093169861203,100,28.758383673981,27346921,19.60897,5362449.5348137,0,6.11111111111111,0,"0.16","South Asia","Low income",27.6939,NA
"139","Oman","om","omn","omn","oma",NA,38.5,28.2,32,NA,NA,0.522636221116365,0.359142346634901,16983.6842635016,110.559865382106,100,4.62178633632877,4079960.7,68.36528,2789276.55644496,0,-8,0,"0.67","Middle East & North Africa","High income",23.6105,NA
"140","Panama","pa","pan","pan","pan",NA,47.3,60.4,50.3,NA,NA,0.829059380463009,0.762327706156837,10391.7975549108,117.315705986241,88.1402400719493,30.390080119486,3939219.4,49.66159,1956278.98762846,0,9,0,"0.67","Latin America & Caribbean","High income",8.99427,NA
"141","Papua New Guinea","pg","png","png","png",NA,32.4,27.3,47.6,NA,NA,NA,NA,2219.39796871125,NA,99.9988318833994,2.62774367354149,8034880.8,6.950914,558497.654410512,1,4.77777777777778,0,"0.07","East Asia & Pacific","Lower middle income",-9.47357,NA
"142","Portugal","pt","prt","prt","por",NA,67,73,63.3,-0.3116378,28,0.726707502668058,0.689139855663238,22545.9605702834,79.2745773697421,31.9513495505873,40.0338049830128,10404092.8,65.84307,6850374.10516896,0,10,0,"0.56","Europe & Central Asia","High income",38.7072,-0.323439256502574
"143","Paraguay","py","pry","pry","par",NA,46.4,62.8,40.9,NA,NA,NA,NA,4878.67652983798,70.3633459901649,99.7491857043039,54.4604652835209,6644769.7,45.15145,3000209.86871065,0,8.66666666666667,0,"0.53","Latin America & Caribbean","Upper middle income",-25.3005,NA
"144","Saudi Arabia","sa","sau","sau","sau",NA,44,38.8,37.5,0.200122,36,0.65151619694352,0.429107648711184,20756.5395772093,74.2468332372324,100,80.6936085219596,31104170.6,68.33639,21255467.3274813,0,-10,0,"0.67","Middle East & North Africa","High income",24.6748,NA
"145","Sudan","sd","sdn","sdn","sdn",NA,34.8,46.6,52.8,NA,NA,0.57262228055712,0.538633138345786,1742.77417247734,23.5899914249601,100,NA,38531723.9,23.58209,9086585.80864951,0,-2,0,"0.59","Sub-Saharan Africa","Lower middle income",15.5932,NA
"146","Sudan","sd","sdn","sdn","sdn",NA,34.8,46.6,52.8,NA,NA,0.57262228055712,0.538633138345786,1742.77417247734,23.5899914249601,100,NA,38531723.9,23.58209,9086585.80864951,0,-4,0,"0.59","Sub-Saharan Africa","Lower middle income",15.5932,NA
"147","Senegal","sn","sen","sen","sen",NA,30.7,68.7,30.3,NA,NA,0.510392825196947,0.467981589169297,1390.86153636775,57.9917417139634,100,46.6420817534929,14421319.1,25.00648,3606264.27647768,0,7,0,"0.14","Sub-Saharan Africa","Lower middle income",14.7247,NA
"148","Solomon Islands","sb","slb","slb","sol",NA,26.7,15.3,45,NA,NA,NA,NA,1696.6926884607,102.219912605911,99.9896953986709,3.84831317307201,596513.4,9.17714,54742.86983676,1,8,0,"0.23","East Asia & Pacific","Lower middle income",-9.42676,NA
"149","Sierra Leone","sl","sle","sle","sie",NA,25.7,52.9,24.9,NA,NA,NA,NA,473.997654051743,72.6424758997092,100,54.5863705227259,7102513.1,5.915492,420148.594229452,0,7,0,"0.20","Sub-Saharan Africa","Low income",8.4821,NA
"150","El Salvador","sv","slv","slv","sal",NA,43.1,35.8,62.8,NA,20,NA,NA,3290.68443064252,76.7055979530669,100,75.6067291781578,6313725,26.02542,1643173.448895,0,8,0,"0.31","Latin America & Caribbean","Lower middle income",13.7034,NA
"151","El Salvador","sv","slv","slv","sal",NA,43.1,35.8,62.8,NA,49,NA,NA,3290.68443064252,76.7055979530669,100,75.6067291781578,6313725,26.02542,1643173.448895,0,8,0,"0.31","Latin America & Caribbean","Lower middle income",13.7034,NA
"152","Suriname","sr","sur","sur","sur",NA,45.2,63.6,52.8,0.0067195,NA,NA,NA,8395.33659833323,90.9613941465855,100,0.528296697707403,555799.3,41.07506,228294.89595458,0,5,0,"0.42","Latin America & Caribbean","Upper middle income",5.8232,NA
"153","Slovakia","sk","svk","svk","slo",NA,68.3,85,71.9,NA,77,0.50574673964396,0.541235562215646,18666.2343486222,178.830834155317,100,39.6889708555517,5422410.8,78.79729,4272712.76306732,0,10,1,"0.91","Europe & Central Asia","High income",48.1484,-0.406245443692046
"154","Eswatini","sz","swz","swz","swa",NA,33.8,38.4,56.9,NA,NA,NA,NA,4555.33767538116,87.4658804538343,100,71.046511627907,1102511.9,29.60433,326391.26116527,0,-9,0,"0.39","Sub-Saharan Africa","Lower middle income",-26.5225,NA
"155","Chad","td","tcd","tcd","cha",NA,26.7,69,17.4,NA,NA,NA,NA,882.547748654253,74.3134219744711,100,39.6107505899437,13909589.9,3.91,543864.96509,0,-2,0,"0.09","Sub-Saharan Africa","Low income",12.1048,NA
"156","Togo","tg","tgo","tgo","tog",NA,29.5,64.2,34.4,NA,NA,NA,NA,618.107686163852,92.0442479650296,100,69.4980694980695,7238719.2,7.62106,551667.13346352,0,-2,0,"0.26","Sub-Saharan Africa","Low income",6.1228,NA
"157","Tajikistan","tj","tjk","tjk","taj",NA,38.2,65.8,36.9,NA,NA,NA,NA,926.745724586379,65.8938058185137,100,34.0244783121006,8383207.1,17.791,1491456.375161,0,-3,1,"0.44","Europe & Central Asia","Low income",38.5878,-0.80838244413753
"158","Turkmenistan","tm","tkm","tkm","tkm",NA,43.9,39.7,36.4,NA,NA,0.622443169656236,0.574647887323944,6207.13601090318,82.1124979529639,100,72.0557165048898,5514022.6,13.37359,737422.77503134,0,-8.33333333333333,1,"0.41","Europe & Central Asia","Upper middle income",37.9509,NA
"159","Timor-Leste","tl","tls","tls","etm",NA,35.3,64.5,23.4,NA,NA,NA,NA,880.352608935194,88.9705854458077,100,25.4491305600923,1188723.6,17.32243,205915.81350348,1,7.77777777777778,0,"0.27","East Asia & Pacific","Lower middle income",-8.56667,NA
"160","Timor-Leste","tl","tls","tls","etm",NA,35.3,64.5,23.4,NA,NA,NA,NA,880.352608935194,88.9705854458077,100,25.4491305600923,1188723.6,17.32243,205915.81350348,1,7.77777777777778,0,"0.27","East Asia & Pacific","Lower middle income",-8.56667,NA
"161","Tanzania","tz","tza","tza","taz",NA,31.1,70.7,18.7,-0.3249802,34,NA,NA,863.10642446436,45.0724850419206,100,44.1973357417024,50903557.2,12.945,6589465.47954,0,0.777777777777778,0,"0.26","Sub-Saharan Africa","Low income",-6.17486,NA
"162","Uganda","ug","uga","uga","uga",NA,35.6,81.4,27.4,-0.2552556,24,0.426448641319221,0.336165078154961,895.142656966603,38.3768930277731,100,71.8168476247471,37909980.5,18.28441,6931616.26554005,0,-1,0,"0.36","Sub-Saharan Africa","Low income",0.314269,NA
"163","Venezuela","ve","ven","ven","ven",NA,50.3,75.1,63.3,-0.2271175,16,0.505170360990681,0.436150451221923,14297.3714918401,49.7094314587962,99.9824359321007,24.4884076866391,29322390.4,57.85401,16964178.674255,0,0.111111111111111,0,"0.45","Latin America & Caribbean","Upper middle income",9.08165,NA
